Authors,PubYear,Title,Category,Study Type,Field_plot size_ha,Fitness measure,Organism,Common Name,Order,Functional group,Nesting Area,Foraging Area,Treatment 1,Treatment 2,Treatment 3,Treatment 4,Treatment 5,AI type,TreatmentType,Control AI Rate,AI Rate_T1,AI Rate_T2,Application Units,Control Dose_T1,Dose_T1,Dose_T2,Dose_T3,Dose_T4,Dose Units,Control_ppb,T1_ppb,T2_ppb,T3_ppb,T4_ppb,Study control (n) ,Study T1 (n) ,Study T2 (n) ,Study T3 (n),Study T4 (n),Study Year,Indpen. Study n unit,Response measure,Notes,Con_Mean,Con_SE,T1_Mean,T1_SE,T2_Mean,T2_SE,T3_Mean,T3_SE,T4_Mean,T4_SE,No_Treatments,No_Replicates,No_SamplePeriods,Study Location,Mean Data Source,Graph Digitizer,
Leslie et al.,2010,Conventional and seed-based insect management strategies similarly influence nontarget coleopteran communities in maize,field plots,field,0.11,abundance,Coleoptera,carabidae,Coleoptera,mixed,both,both,control,IMI,,,,seed treatment,seed treatment,0,160,,ﾵg/seed,,,,,,,,,,,,3,3,,,,2003,field,density,mean carabid density per trap (5 traps per field),2.53,0.2,1.92,0.17,,,,,,,2,3,10,Pennsylvania,Fig 2,Y,
Leslie et al.,2010,Conventional and seed-based insect management strategies similarly influence nontarget coleopteran communities in maize,field plots,field,0.11,abundance,Coleoptera,carabidae,Coleoptera,mixed,both,both,control,IMI,,,,seed treatment,seed treatment,0,160,,ﾵg/seed,,,,,,,,,,,,3,3,,,,2004,field,density,mean carabid density per trap (5 traps per field),4.62,0.24,3.72,0.24,,,,,,,2,3,10,Pennsylvania,Fig 2,Y,
Morandin and Winston,2003,Effects of novel pesticides on bumble bee (hymenoptera: apidae) colony health and foraging ability,lab,lab,,behavior,Bombus impatiens,Eastern bumblebee,Hymenoptera,pollinator,ground,aboveground,control,IMI,IMI,,,technical grade,lab compound,,,,,0,7,30,,,ng/g,0,7,30,,,4,4,4,,,2001,colony,foraging,time spent accessing flowers (seconds),4.27,0.37,4.84,0.4,6.59,0.37,,,,,3,6,,British Columbia,results text,N,
Morandin and Winston,2003,Effects of novel pesticides on bumble bee (hymenoptera: apidae) colony health and foraging ability,lab,lab,,behavior,Bombus impatiens,Eastern bumblebee,Hymenoptera,pollinator,ground,aboveground,control,IMI,IMI,,,technical grade,lab compound,,,,,0,7,30,,,ng/g,0,7,30,,,4,4,4,,,2001,colony,foraging,foraging rate of # flowers per minute ,4.04,0.14,3.98,0.14,3.07,0.14,,,,,3,6,,British Columbia,results text,N,
Kilpatrick et al.,2005,Activity of selected neonicotinoids and dicrotophos on nontarget athropods in cotton: implications in insect management,field plots,field,0.01,abundance,Orius insidiosus,Insidious flower bugs,Hemiptera,predator,aboveground,aboveground,control,THX,IMI,,,foliar,foliar,0,0.05,0.05,kg/ha,,,,,,,,,,,,4,4,4,,,2003,field plot,abundance,post-treatment counts per field plot,3.2,0.79,0.53,0.43,2,0.26,,,,,3,5,,South Carolina,Fig 1,Y,
Kilpatrick et al.,2005,Activity of selected neonicotinoids and dicrotophos on nontarget athropods in cotton: implications in insect management,field plots,field,0.01,abundance,Geocoris sp.,Big-eyed bugs,Hemiptera,predator,aboveground,aboveground,control,THX,IMI,,,foliar,foliar,0,0.05,0.05,kg/ha,,,,,,,,,,,,4,4,4,,,2003,field plot,abundance,post-treatment counts per field plot,8.65,1.33,2.81,0.66,6.39,0.8,,,,,3,5,,South Carolina,Fig 1,Y,
Knoepp et al. ,2012,Imidacloprid movement in soils and impacts on soil microathropods in southern appalachian eastern hemlock stands,field,field,,abundance,Collembola,springtails,Collembola,detritivore,both,both,control,IMI,,,,soil injection,soil treatment,0,1.5,,g/inch,,,,,,,,,,,,2,6,,,,2008,tree,abundance,"post-treatment counts per tree (1m), low elevation, 1yr",1.5,0.5,3,1.03,,,,,,,2,4,3,North Carolina,Author,N,
Knoepp et al. ,2012,Imidacloprid movement in soils and impacts on soil microathropods in southern appalachian eastern hemlock stands,field,field,,abundance,Collembola,springtails,Collembola,detritivore,both,both,control,IMI,,,,soil injection,soil treatment,0,1.5,,g/inch,,,,,,,,,,,,2,6,,,,2008,tree,abundance,"post-treatment counts per tree (2m), low elevation, 1yr",1.5,0.5,5.67,1.8,,,,,,,2,4,3,North Carolina,Author,N,
Knoepp et al. ,2012,Imidacloprid movement in soils and impacts on soil microathropods in southern appalachian eastern hemlock stands,field,field,,abundance,Collembola,springtails,Collembola,detritivore,both,both,control,IMI,,,,soil injection,soil treatment,0,1.5,,g/inch,,,,,,,,,,,,2,6,,,,2008,tree,abundance,"post-treatment counts per tree (dripline), low elevation, 1yr",2,2,3.17,1.08,,,,,,,2,4,3,North Carolina,Author,N,
Knoepp et al. ,2012,Imidacloprid movement in soils and impacts on soil microathropods in southern appalachian eastern hemlock stands,field,field,,abundance,Collembola,springtails,Collembola,detritivore,both,both,control,IMI,,,,soil injection,soil treatment,0,1.5,,g/inch,,,,,,,,,,,,2,6,,,,2008,tree,abundance,"post-treatment counts per tree (1m), high elevation, 1yr",7.5,0.29,1.67,0.76,,,,,,,2,4,3,North Carolina,Author,N,
Knoepp et al. ,2012,Imidacloprid movement in soils and impacts on soil microathropods in southern appalachian eastern hemlock stands,field,field,,abundance,Collembola,springtails,Collembola,detritivore,both,both,control,IMI,,,,soil injection,soil treatment,0,1.5,,g/inch,,,,,,,,,,,,2,6,,,,2008,tree,abundance,"post-treatment counts per tree (2m), high elevation, 1yr",5.5,3.18,5.17,3.04,,,,,,,2,4,3,North Carolina,Author,N,
Knoepp et al. ,2012,Imidacloprid movement in soils and impacts on soil microathropods in southern appalachian eastern hemlock stands,field,field,,abundance,Collembola,springtails,Collembola,detritivore,both,both,control,IMI,,,,soil injection,soil treatment,0,1.5,,g/inch,,,,,,,,,,,,2,6,,,,2008,tree,abundance,"post-treatment counts per tree (dripline), high elevation, 1yr",3.5,1.44,5.5,2.63,,,,,,,2,4,3,North Carolina,Author,N,
Knoepp et al. ,2012,Imidacloprid movement in soils and impacts on soil microathropods in southern appalachian eastern hemlock stands,field,field,,abundance,Orabatida,Orbatid mites,Orabatida,detritivore,both,both,control,IMI,,,,soil injection,soil treatment,0,1.5,,g/inch,,,,,,,,,,,,2,6,,,,2008,tree,abundance,"post-treatment counts per tree (1m), low elevation, 1yr",0.5,0.29,4,2.45,,,,,,,2,4,3,North Carolina,Author,N,
Knoepp et al. ,2012,Imidacloprid movement in soils and impacts on soil microathropods in southern appalachian eastern hemlock stands,field,field,,abundance,Orabatida,Orbatid mites,Orabatida,detritivore,both,both,control,IMI,,,,soil injection,soil treatment,0,1.5,,g/inch,,,,,,,,,,,,2,6,,,,2008,tree,abundance,"post-treatment counts per tree (2m), low elevation, 1yr",2,0,6.83,3.08,,,,,,,2,4,3,North Carolina,Author,N,
Knoepp et al. ,2012,Imidacloprid movement in soils and impacts on soil microathropods in southern appalachian eastern hemlock stands,field,field,,abundance,Orabatida,Orbatid mites,Orabatida,detritivore,both,both,control,IMI,,,,soil injection,soil treatment,0,1.5,,g/inch,,,,,,,,,,,,2,6,,,,2008,tree,abundance,"post-treatment counts per tree (dripline), low elevation, 1yr",0.5,0.5,9.17,5.86,,,,,,,2,4,3,North Carolina,Author,N,
Knoepp et al. ,2012,Imidacloprid movement in soils and impacts on soil microathropods in southern appalachian eastern hemlock stands,field,field,,abundance,Orabatida,Orbatid mites,Orabatida,detritivore,both,both,control,IMI,,,,soil injection,soil treatment,0,1.5,,g/inch,,,,,,,,,,,,2,6,,,,2008,tree,abundance,"post-treatment counts per tree (1m), high elevation, 1yr",4,1.73,2.17,0.79,,,,,,,2,4,3,North Carolina,Author,N,
Knoepp et al. ,2012,Imidacloprid movement in soils and impacts on soil microathropods in southern appalachian eastern hemlock stands,field,field,,abundance,Orabatida,Orbatid mites,Orabatida,detritivore,both,both,control,IMI,,,,soil injection,soil treatment,0,1.5,,g/inch,,,,,,,,,,,,2,6,,,,2008,tree,abundance,"post-treatment counts per tree (2m), high elevation, 1yr",11,5.19,8.33,3.4,,,,,,,2,4,3,North Carolina,Author,N,
Knoepp et al. ,2012,Imidacloprid movement in soils and impacts on soil microathropods in southern appalachian eastern hemlock stands,field,field,,abundance,Orabatida,Orbatid mites,Orabatida,detritivore,both,both,control,IMI,,,,soil injection,soil treatment,0,1.5,,g/inch,,,,,,,,,,,,2,6,,,,2008,tree,abundance,"post-treatment counts per tree (dripline), high elevation, 1yr",6.5,3.18,6.41,2.62,,,,,,,2,4,3,North Carolina,Author,N,
Peck et al.,2009,Comparative impacts of white grub (coleoptera: scarabaeidae) control products on the abundance of non-target soil-active arthropods in turfgrass,field plots,field,0.61,abundance,Collembola,springtails,Collembola,detritivore,both,both,control,IMI,,,,granular,powder/granular,0,0.37,,kg/ha,,,,,,,,,,,,4,4,,,,2001,field plot,abundance,mean average over both sampling dates sampling date,308,48,119,30,,,,,,,2,4,4,New York,Fig 2,Y,
Peck et al.,2009,Comparative impacts of white grub (coleoptera: scarabaeidae) control products on the abundance of non-target soil-active arthropods in turfgrass,field plots,field,0.61,abundance,coleoptera,beetle,Coleoptera,omnivore,both,both,control,IMI,,,,granular,powder/granular,0,0.37,,kg/ha,,,,,,,,,,,,4,4,,,,2002,field plot,abundance,mean average over both sampling dates sampling date,12,1.5,4.9,0.5,,,,,,,2,4,4,New York,Fig 2,Y,
Peck et al.,2009,Comparative impacts of white grub (coleoptera: scarabaeidae) control products on the abundance of non-target soil-active arthropods in turfgrass,field plots,field,0.61,abundance,Thysanoptera,thrips,Thysanoptera,mixed,both,aboveground,control,IMI,,,,granular,powder/granular,0,0.37,,kg/ha,,,,,,,,,,,,4,4,,,,2002,field plot,abundance,mean average over both sampling dates sampling date,20,3,7,1,,,,,,,2,4,4,New York,Fig 2,Y,
Seagraves and Lundgren,2012,Effects of neonicotinoid seed treatments on soybean aphid and its natural enemies,field plots,field,4,abundance,Orius insidiosus,Insidious flower bugs,Hemiptera,predator,aboveground,aboveground,control,IMI,THX,,,seed treatment,seed treatment,0,62.5,50,g/100 kg seed,,,,,,,,,,,,4,4,4,,,2009,field plot,abundance,mean seasonal sum per field plot,18.25,2.54,11.87,1.62,14.87,2.59,,,,,3,4,8,South Dakota,table 3,N,
Seagraves and Lundgren,2012,Effects of neonicotinoid seed treatments on soybean aphid and its natural enemies,field plots,field,4,abundance,Nabis americoferus,damnsel bugs,Hemiptera,predator,aboveground,aboveground,control,IMI,THX,,,seed treatment,seed treatment,0,62.5,50,g/100 kg seed,,,,,,,,,,,,4,4,4,,,2009,field plot,abundance,mean seasonal sum per field plot,14.25,1.88,8.62,1.54,8.5,0.57,,,,,3,4,8,South Dakota,table 3,N,
Seagraves and Lundgren,2012,Effects of neonicotinoid seed treatments on soybean aphid and its natural enemies,field plots,field,4,abundance,Araneae,spiders,Araneae,predator,aboveground,aboveground,control,IMI,THX,,,seed treatment,seed treatment,0,62.5,50,g/100 kg seed,,,,,,,,,,,,4,4,4,,,2009,field plot,abundance,mean seasonal sum per field plot,24.37,3.79,22.87,4.09,18.12,2.59,,,,,3,4,8,South Dakota,table 3,N,
Seagraves and Lundgren,2012,Effects of neonicotinoid seed treatments on soybean aphid and its natural enemies,field plots,field,4,abundance,Opilionidae,harvestmen,Opiliones,predator,aboveground,aboveground,control,IMI,THX,,,seed treatment,seed treatment,0,62.5,50,g/100 kg seed,,,,,,,,,,,,4,4,4,,,2009,field plot,abundance,mean seasonal sum per field plot,8.62,1.29,9,1.45,8,1.66,,,,,3,4,8,South Dakota,table 3,N,
Seagraves and Lundgren,2012,Effects of neonicotinoid seed treatments on soybean aphid and its natural enemies,field plots,field,4,abundance,Chyrsoperla sp.,lacewing,Neuroptera,predator,aboveground,aboveground,control,IMI,THX,,,seed treatment,seed treatment,0,62.5,50,g/100 kg seed,,,,,,,,,,,,4,4,4,,,2009,field plot,abundance,mean seasonal sum per field plot,5,0.53,2,0.53,2.75,0.98,,,,,3,4,8,South Dakota,table 3,N,
Seagraves and Lundgren,2012,Effects of neonicotinoid seed treatments on soybean aphid and its natural enemies,field plots,field,4,abundance,Coccinellidae,lady beetles,Coleoptera,predator,aboveground,aboveground,control,IMI,THX,,,seed treatment,seed treatment,0,62.5,50,g/100 kg seed,,,,,,,,,,,,4,4,4,,,2009,field plot,abundance,mean seasonal sum per field plot,4.87,1.17,3.37,0.92,4.25,0.75,,,,,3,4,8,South Dakota,table 3,N,
Easton and Goulson,2013,The neonicotinoid insecticide imidacloprid repels pollinating flies and beetles at field-realistic concentrations,field,field,4,abundance,Diptera,true flies,Diptera,omnivore,aboveground,aboveground,control,IMI,,,,analytical grade,lab compound,,,,,0,1,,,,ﾵg/L,0,1,,,,25,25,,,,2012,pan trap,avoidance,mean caught per trap,172,26,2,0.8,,,,,,,2,25,7,United Kingdom,fig 1,Y,
Easton and Goulson,2013,The neonicotinoid insecticide imidacloprid repels pollinating flies and beetles at field-realistic concentrations,field,field,4,abundance,Diptera,true flies,Diptera,omnivore,aboveground,aboveground,control,IMI,,,,analytical grade,lab compound,,,,,0,0.1,,,,ﾵg/L,0,0.1,,,,25,25,,,,2012,pan trap,avoidance,mean caught per trap,80,36,26,14,,,,,,,2,25,7,United Kingdom,fig 1,Y,
Easton and Goulson,2013,The neonicotinoid insecticide imidacloprid repels pollinating flies and beetles at field-realistic concentrations,field,field,4,abundance,Diptera,true flies,Diptera,omnivore,aboveground,aboveground,control,IMI,,,,analytical grade,lab compound,,,,,0,0.01,,,,ﾵg/L,0,0.01,,,,25,25,,,,2012,pan trap,avoidance,mean caught per trap,95,44,43,22,,,,,,,2,25,7,United Kingdom,fig 1,Y,
Easton and Goulson,2013,The neonicotinoid insecticide imidacloprid repels pollinating flies and beetles at field-realistic concentrations,field,field,4,abundance,Coleoptera,beetle,Coleoptera,pollinator,both,both,control,IMI,,,,analytical grade,lab compound,,,,,0,1,,,,ﾵg/L,0,1,,,,25,25,,,,2012,pan trap,avoidance,mean caught per trap,2.75,0.43,0.86,0.18,,,,,,,2,25,7,United Kingdom,fig 1,Y,
Easton and Goulson,2013,The neonicotinoid insecticide imidacloprid repels pollinating flies and beetles at field-realistic concentrations,field,field,4,abundance,Coleoptera,beetle,Coleoptera,pollinator,both,both,control,IMI,,,,analytical grade,lab compound,,,,,0,0.1,,,,ﾵg/L,0,0.1,,,,25,25,,,,2012,pan trap,avoidance,mean caught per trap,2.51,0.63,2.25,0.35,,,,,,,2,25,7,United Kingdom,fig 1,Y,
Easton and Goulson,2013,The neonicotinoid insecticide imidacloprid repels pollinating flies and beetles at field-realistic concentrations,field,field,4,abundance,Coleoptera,beetle,Coleoptera,pollinator,both,both,control,IMI,,,,analytical grade,lab compound,,,,,0,0.01,,,,ﾵg/L,0,0.01,,,,25,25,,,,2012,pan trap,avoidance,mean caught per trap,3.64,0.4,3.36,0.39,,,,,,,2,25,7,United Kingdom,fig 1,Y,
Easton and Goulson,2013,The neonicotinoid insecticide imidacloprid repels pollinating flies and beetles at field-realistic concentrations,field,field,4,abundance,Araneae,spiders,Araneae,predator,aboveground,aboveground,control,IMI,,,,analytical grade,lab compound,,,,,0,1,,,,ﾵg/L,0,1,,,,25,25,,,,2012,pan trap,avoidance,mean caught per trap,5.44,0.42,3.97,0.17,,,,,,,2,25,7,United Kingdom,fig 1,Y,
Easton and Goulson,2013,The neonicotinoid insecticide imidacloprid repels pollinating flies and beetles at field-realistic concentrations,field,field,4,abundance,Araneae,spiders,Araneae,predator,aboveground,aboveground,control,IMI,,,,analytical grade,lab compound,,,,,0,0.1,,,,ﾵg/L,0,0.1,,,,25,25,,,,2012,pan trap,avoidance,mean caught per trap,5.64,0.6,10.43,0.39,,,,,,,2,25,7,United Kingdom,fig 1,Y,
Easton and Goulson,2013,The neonicotinoid insecticide imidacloprid repels pollinating flies and beetles at field-realistic concentrations,field,field,4,abundance,Araneae,spiders,Araneae,predator,aboveground,aboveground,control,IMI,,,,analytical grade,lab compound,,,,,0,0.01,,,,ﾵg/L,0,0.01,,,,25,25,,,,2012,pan trap,avoidance,mean caught per trap,5.37,0.4,7.81,0.34,,,,,,,2,25,7,United Kingdom,fig 1,Y,
Smith and Krischik,1999,Effects of systemic imidacloprid on coleomegilla maculata (Coleoptera: coccinellidae),lab,lab,,behavior,Coleomegilla maculata,spotted lady beetle,Coleoptera,predator,aboveground,aboveground,control,IMI,IMI,,,granular,powder/granular,,,,,0,27,54,,,mg/pot,,,,,,105,105,105,,,1999,plant system,walk rate,walk rate (cm/s),2.6,0.08,0.2,0.1,0,0,,,,,3,105,1,Minnesota,table 1,N,
Smith and Krischik,1999,Effects of systemic imidacloprid on coleomegilla maculata (Coleoptera: coccinellidae),lab,lab,,behavior,Coleomegilla maculata,spotted lady beetle,Coleoptera,predator,aboveground,aboveground,control,IMI,IMI,,,granular,powder/granular,,,,,0,27,54,,,mg/pot,,,,,,105,105,105,,,1999,plant system,flip time,flip time (s),3.62,0.85,28.04,1.63,31,,,,,,3,105,1,Minnesota,table 1,N,
Smith and Krischik,1999,Effects of systemic imidacloprid on coleomegilla maculata (Coleoptera: coccinellidae),lab,lab,,survival,Coleomegilla maculata,spotted lady beetle,Coleoptera,predator,aboveground,aboveground,control,IMI,IMI,,,granular,powder/granular,,,,,0,27,54,,,mg/pot,,,,,,105,105,105,,,1999,plant system,survival,% survivorship,97.5,2.5,38.3,6.6,20,6.71,,,,,3,105,1,Minnesota,table 1,N,
Smith and Krischik,1999,Effects of systemic imidacloprid on coleomegilla maculata (Coleoptera: coccinellidae),lab,lab,,reproduction,Coleomegilla maculata,spotted lady beetle,Coleoptera,predator,aboveground,aboveground,control,IMI,IMI,,,granular,powder/granular,,,,,0,27,54,,,mg/pot,,,,,,105,105,105,,,1999,plant system,oviposition,no. days to 1st oviposition,2.56,0.5,9.78,2.01,14,2.1,,,,,3,105,1,Minnesota,table 1,N,
Albajes et al.,2003,Predatory fauna in cornfields and response to imidacloprid seed treatment,field plots,field,0.4 to 1,abundance,Carabidae,beetle,Coleoptera,mixed,both,both,control,IMI,,,,seed treatment,seed treatment,0,4.9,,g/kg,,,,,,,,,,,,4,4,,,,1997,field plot,abundance,mean of pitfall traps per sampling year,12.3,3.5,7.1,2.2,,,,,,,2,4,,Spain,table 3,N,
Albajes et al.,2003,Predatory fauna in cornfields and response to imidacloprid seed treatment,field plots,field,0.4 to 1,abundance,Carabidae,beetle,Coleoptera,mixed,both,both,control,IMI,,,,seed treatment,seed treatment,0,4.9,,g/kg,,,,,,,,,,,,4,4,,,,1998,field plot,abundance,mean of pitfall traps per sampling year,7.5,2,3,0.7,,,,,,,2,4,,Spain,table 3,N,
Albajes et al.,2003,Predatory fauna in cornfields and response to imidacloprid seed treatment,field plots,field,0.4 to 1,abundance,Carabidae,beetle,Coleoptera,mixed,both,both,control,IMI,,,,seed treatment,seed treatment,0,4.9,,g/kg,,,,,,,,,,,,4,4,,,,1999,field plot,abundance,mean of pitfall traps per sampling year,8.2,1.8,10.5,3.7,,,,,,,2,4,,Spain,table 3,N,
Albajes et al.,2003,Predatory fauna in cornfields and response to imidacloprid seed treatment,field plots,field,0.4 to 1,abundance,Carabidae,beetle,Coleoptera,mixed,both,both,control,IMI,,,,seed treatment,seed treatment,0,4.9,,g/kg,,,,,,,,,,,,4,4,,,,2000,field plot,abundance,mean of pitfall traps per sampling year,26.6,5.4,21.7,4.3,,,,,,,2,4,,Spain,table 3,N,
Albajes et al.,2003,Predatory fauna in cornfields and response to imidacloprid seed treatment,field plots,field,0.4 to 1,abundance,Carabidae,beetle,Coleoptera,mixed,both,both,control,IMI,,,,seed treatment,seed treatment,0,4.9,,g/kg,,,,,,,,,,,,4,4,,,,2001,field plot,abundance,mean of pitfall traps per sampling year,10.9,2.4,15.1,3.6,,,,,,,2,4,,Spain,table 3,N,
Albajes et al.,2003,Predatory fauna in cornfields and response to imidacloprid seed treatment,field plots,field,0.4 to 1,abundance,Araneae,spiders,Araneae,predator,aboveground,aboveground,control,IMI,,,,seed treatment,seed treatment,0,4.9,,g/kg,,,,,,,,,,,,4,4,,,,1997,field plot,abundance,mean of pitfall traps per sampling year,16,2.8,15.6,2.9,,,,,,,2,4,,Spain,table 3,N,
Albajes et al.,2003,Predatory fauna in cornfields and response to imidacloprid seed treatment,field plots,field,0.4 to 1,abundance,Araneae,spiders,Araneae,predator,aboveground,aboveground,control,IMI,,,,seed treatment,seed treatment,0,4.9,,g/kg,,,,,,,,,,,,4,4,,,,1998,field plot,abundance,mean of pitfall traps per sampling year,9.7,1,9,1,,,,,,,2,4,,Spain,table 3,N,
Albajes et al.,2003,Predatory fauna in cornfields and response to imidacloprid seed treatment,field plots,field,0.4 to 1,abundance,Araneae,spiders,Araneae,predator,aboveground,aboveground,control,IMI,,,,seed treatment,seed treatment,0,4.9,,g/kg,,,,,,,,,,,,4,4,,,,1999,field plot,abundance,mean of pitfall traps per sampling year,17.7,2.3,16.8,1.9,,,,,,,2,4,,Spain,table 3,N,
Albajes et al.,2003,Predatory fauna in cornfields and response to imidacloprid seed treatment,field plots,field,0.4 to 1,abundance,Araneae,spiders,Araneae,predator,aboveground,aboveground,control,IMI,,,,seed treatment,seed treatment,0,4.9,,g/kg,,,,,,,,,,,,4,4,,,,2000,field plot,abundance,mean of pitfall traps per sampling year,8.2,1.6,7.1,1.2,,,,,,,2,4,,Spain,table 3,N,
Albajes et al.,2003,Predatory fauna in cornfields and response to imidacloprid seed treatment,field plots,field,0.4 to 1,abundance,Araneae,spiders,Araneae,predator,aboveground,aboveground,control,IMI,,,,seed treatment,seed treatment,0,4.9,,g/kg,,,,,,,,,,,,4,4,,,,2001,field plot,abundance,mean of pitfall traps per sampling year,3.6,1.7,4.2,0.8,,,,,,,2,4,,Spain,table 3,N,
Albajes et al.,2003,Predatory fauna in cornfields and response to imidacloprid seed treatment,field plots,field,0.4 to 1,abundance,Opilionidae,harvestmen,Opiliones,predator,aboveground,aboveground,control,IMI,,,,seed treatment,seed treatment,0,4.9,,g/kg,,,,,,,,,,,,4,4,,,,1997,field plot,abundance,mean of pitfall traps per sampling year,1.8,0.3,3.2,0.9,,,,,,,2,4,,Spain,table 3,N,
Albajes et al.,2003,Predatory fauna in cornfields and response to imidacloprid seed treatment,field plots,field,0.4 to 1,abundance,Opilionidae,harvestmen,Opiliones,predator,aboveground,aboveground,control,IMI,,,,seed treatment,seed treatment,0,4.9,,g/kg,,,,,,,,,,,,4,4,,,,1998,field plot,abundance,mean of pitfall traps per sampling year,0.4,0.1,0.3,0.1,,,,,,,2,4,,Spain,table 3,N,
Albajes et al.,2003,Predatory fauna in cornfields and response to imidacloprid seed treatment,field plots,field,0.4 to 1,abundance,Opilionidae,harvestmen,Opiliones,predator,aboveground,aboveground,control,IMI,,,,seed treatment,seed treatment,0,4.9,,g/kg,,,,,,,,,,,,4,4,,,,1999,field plot,abundance,mean of pitfall traps per sampling year,1,0.4,0.8,0.3,,,,,,,2,4,,Spain,table 3,N,
Albajes et al.,2003,Predatory fauna in cornfields and response to imidacloprid seed treatment,field plots,field,0.4 to 1,abundance,Opilionidae,harvestmen,Opiliones,predator,aboveground,aboveground,control,IMI,,,,seed treatment,seed treatment,0,4.9,,g/kg,,,,,,,,,,,,4,4,,,,2000,field plot,abundance,mean of pitfall traps per sampling year,0.6,0.2,0.4,0.1,,,,,,,2,4,,Spain,table 3,N,
Albajes et al.,2003,Predatory fauna in cornfields and response to imidacloprid seed treatment,field plots,field,0.4 to 1,abundance,Opilionidae,harvestmen,Opiliones,predator,aboveground,aboveground,control,IMI,,,,seed treatment,seed treatment,0,4.9,,g/kg,,,,,,,,,,,,4,4,,,,2001,field plot,abundance,mean of pitfall traps per sampling year,0.1,0.1,0.1,0.1,,,,,,,2,4,,Spain,table 3,N,
Albajes et al.,2003,Predatory fauna in cornfields and response to imidacloprid seed treatment,field plots,field,0.4 to 1,abundance,Staphylinidae,rove beetle,Coleoptera,predator,aboveground,aboveground,control,IMI,,,,seed treatment,seed treatment,0,4.9,,g/kg,,,,,,,,,,,,4,4,,,,1997,field plot,abundance,mean of pitfall traps per sampling year,1.2,0.3,0.9,0.2,,,,,,,2,4,,Spain,table 3,N,
Albajes et al.,2003,Predatory fauna in cornfields and response to imidacloprid seed treatment,field plots,field,0.4 to 1,abundance,Staphylinidae,rove beetle,Coleoptera,predator,aboveground,aboveground,control,IMI,,,,seed treatment,seed treatment,0,4.9,,g/kg,,,,,,,,,,,,4,4,,,,1998,field plot,abundance,mean of pitfall traps per sampling year,1.2,0.2,0.8,0.2,,,,,,,2,4,,Spain,table 3,N,
Albajes et al.,2003,Predatory fauna in cornfields and response to imidacloprid seed treatment,field plots,field,0.4 to 1,abundance,Staphylinidae,rove beetle,Coleoptera,predator,aboveground,aboveground,control,IMI,,,,seed treatment,seed treatment,0,4.9,,g/kg,,,,,,,,,,,,4,4,,,,1999,field plot,abundance,mean of pitfall traps per sampling year,2,0.5,1.3,0.2,,,,,,,2,4,,Spain,table 3,N,
Albajes et al.,2003,Predatory fauna in cornfields and response to imidacloprid seed treatment,field plots,field,0.4 to 1,abundance,Staphylinidae,rove beetle,Coleoptera,predator,aboveground,aboveground,control,IMI,,,,seed treatment,seed treatment,0,4.9,,g/kg,,,,,,,,,,,,4,4,,,,2000,field plot,abundance,mean of pitfall traps per sampling year,0.1,0.1,0.1,0.1,,,,,,,2,4,,Spain,table 3,N,
Albajes et al.,2003,Predatory fauna in cornfields and response to imidacloprid seed treatment,field plots,field,0.4 to 1,abundance,Staphylinidae,rove beetle,Coleoptera,predator,aboveground,aboveground,control,IMI,,,,seed treatment,seed treatment,0,4.9,,g/kg,,,,,,,,,,,,4,4,,,,2001,field plot,abundance,mean of pitfall traps per sampling year,0.4,0.1,0.4,0.2,,,,,,,2,4,,Spain,table 3,N,
Albajes et al.,2003,Predatory fauna in cornfields and response to imidacloprid seed treatment,field plots,field,0.4 to 1,abundance,Trombididae,red velvet mites,Trombidiformes,predator,both,both,control,IMI,,,,seed treatment,seed treatment,0,4.9,,g/kg,,,,,,,,,,,,4,4,,,,1997,field plot,abundance,mean of pitfall traps per sampling year,1.6,0.3,0.9,0.2,,,,,,,2,4,,Spain,table 3,N,
Albajes et al.,2003,Predatory fauna in cornfields and response to imidacloprid seed treatment,field plots,field,0.4 to 1,abundance,Trombididae,red velvet mites,Trombidiformes,predator,both,both,control,IMI,,,,seed treatment,seed treatment,0,4.9,,g/kg,,,,,,,,,,,,4,4,,,,1998,field plot,abundance,mean of pitfall traps per sampling year,0.1,0.1,0.1,0.1,,,,,,,2,4,,Spain,table 3,N,
Albajes et al.,2003,Predatory fauna in cornfields and response to imidacloprid seed treatment,field plots,field,0.4 to 1,abundance,Trombididae,red velvet mites,Trombidiformes,predator,both,both,control,IMI,,,,seed treatment,seed treatment,0,4.9,,g/kg,,,,,,,,,,,,4,4,,,,1999,field plot,abundance,mean of pitfall traps per sampling year,1,0.3,0.5,0.2,,,,,,,2,4,,Spain,table 3,N,
Albajes et al.,2003,Predatory fauna in cornfields and response to imidacloprid seed treatment,field plots,field,0.4 to 1,abundance,Trombididae,red velvet mites,Trombidiformes,predator,both,both,control,IMI,,,,seed treatment,seed treatment,0,4.9,,g/kg,,,,,,,,,,,,4,4,,,,2000,field plot,abundance,mean of pitfall traps per sampling year,0.3,0.1,0.5,0.3,,,,,,,2,4,,Spain,table 3,N,
Albajes et al.,2003,Predatory fauna in cornfields and response to imidacloprid seed treatment,field plots,field,0.4 to 1,abundance,Trombididae,red velvet mites,Trombidiformes,predator,both,both,control,IMI,,,,seed treatment,seed treatment,0,4.9,,g/kg,,,,,,,,,,,,4,4,,,,2001,field plot,abundance,mean of pitfall traps per sampling year,0.2,0.1,0.1,0.1,,,,,,,2,4,,Spain,table 3,N,
Albajes et al.,2003,Predatory fauna in cornfields and response to imidacloprid seed treatment,field plots,field,0.4 to 1,abundance,Heteroptera,true bugs,Hemiptera,mixed,aboveground,aboveground,control,IMI,,,,seed treatment,seed treatment,0,4.9,,g/kg,,,,,,,,,,,,4,4,,,,1997,field plot,abundance,mean of pitfall traps per sampling year,0.2,0.1,0.3,0.1,,,,,,,2,4,,Spain,table 3,N,
Albajes et al.,2003,Predatory fauna in cornfields and response to imidacloprid seed treatment,field plots,field,0.4 to 1,abundance,Heteroptera,true bugs,Hemiptera,mixed,aboveground,aboveground,control,IMI,,,,seed treatment,seed treatment,0,4.9,,g/kg,,,,,,,,,,,,4,4,,,,1998,field plot,abundance,mean of pitfall traps per sampling year,0.4,0.1,0.6,0.2,,,,,,,2,4,,Spain,table 3,N,
Albajes et al.,2003,Predatory fauna in cornfields and response to imidacloprid seed treatment,field plots,field,0.4 to 1,abundance,Heteroptera,true bugs,Hemiptera,mixed,aboveground,aboveground,control,IMI,,,,seed treatment,seed treatment,0,4.9,,g/kg,,,,,,,,,,,,4,4,,,,1999,field plot,abundance,mean of pitfall traps per sampling year,0.7,0.1,0.8,0.2,,,,,,,2,4,,Spain,table 3,N,
Albajes et al.,2003,Predatory fauna in cornfields and response to imidacloprid seed treatment,field plots,field,0.4 to 1,abundance,Heteroptera,true bugs,Hemiptera,mixed,aboveground,aboveground,control,IMI,,,,seed treatment,seed treatment,0,4.9,,g/kg,,,,,,,,,,,,4,4,,,,2000,field plot,abundance,mean of pitfall traps per sampling year,0.2,0.1,0.3,0.1,,,,,,,2,4,,Spain,table 3,N,
Albajes et al.,2003,Predatory fauna in cornfields and response to imidacloprid seed treatment,field plots,field,0.4 to 1,abundance,Heteroptera,true bugs,Hemiptera,mixed,aboveground,aboveground,control,IMI,,,,seed treatment,seed treatment,0,4.9,,g/kg,,,,,,,,,,,,4,4,,,,2001,field plot,abundance,mean of pitfall traps per sampling year,0.2,0.1,0.3,0.1,,,,,,,2,4,,Spain,table 3,N,
Albajes et al.,2003,Predatory fauna in cornfields and response to imidacloprid seed treatment,field plots,field,0.4 to 1,abundance,Dermaptera,earwigs,Dermaptera,mixed,both,aboveground,control,IMI,,,,seed treatment,seed treatment,0,4.9,,g/kg,,,,,,,,,,,,4,4,,,,1997,field plot,abundance,mean of pitfall traps per sampling year,1.8,0.2,2.1,0.4,,,,,,,2,4,,Spain,table 3,N,
Albajes et al.,2003,Predatory fauna in cornfields and response to imidacloprid seed treatment,field plots,field,0.4 to 1,abundance,Dermaptera,earwigs,Dermaptera,mixed,both,aboveground,control,IMI,,,,seed treatment,seed treatment,0,4.9,,g/kg,,,,,,,,,,,,4,4,,,,1998,field plot,abundance,mean of pitfall traps per sampling year,1.7,0.4,1.3,0.4,,,,,,,2,4,,Spain,table 3,N,
Albajes et al.,2003,Predatory fauna in cornfields and response to imidacloprid seed treatment,field plots,field,0.4 to 1,abundance,Dermaptera,earwigs,Dermaptera,mixed,both,aboveground,control,IMI,,,,seed treatment,seed treatment,0,4.9,,g/kg,,,,,,,,,,,,4,4,,,,1999,field plot,abundance,mean of pitfall traps per sampling year,6.1,2.8,5.2,1.2,,,,,,,2,4,,Spain,table 3,N,
Albajes et al.,2003,Predatory fauna in cornfields and response to imidacloprid seed treatment,field plots,field,0.4 to 1,abundance,Dermaptera,earwigs,Dermaptera,mixed,both,aboveground,control,IMI,,,,seed treatment,seed treatment,0,4.9,,g/kg,,,,,,,,,,,,4,4,,,,2000,field plot,abundance,mean of pitfall traps per sampling year,6,1.5,5,0.9,,,,,,,2,4,,Spain,table 3,N,
Albajes et al.,2003,Predatory fauna in cornfields and response to imidacloprid seed treatment,field plots,field,0.4 to 1,abundance,Dermaptera,earwigs,Dermaptera,mixed,both,aboveground,control,IMI,,,,seed treatment,seed treatment,0,4.9,,g/kg,,,,,,,,,,,,4,4,,,,2001,field plot,abundance,mean of pitfall traps per sampling year,1.5,0.3,2.3,0.6,,,,,,,2,4,,Spain,table 3,N,
He et al.,2012,Lethal effect of imidacloprid on the coccinellid predator Serangium japonicum and sublethal effects on predator voracity and on functional response to the whitefly Bemisia tabaci,lab,lab,,behavior,Serangium japonicum,coccinellidae,Coleoptera,predator,aboveground,aboveground,control,IMI,,,,solution,powder/granular,,,,,0,5,,,,g/100L,,5000,,,,10,10,,,,2009,petri dish,predation ,mean consumption of eggs on treated/untreated leaves (24 hr/exposure),753,14.46,445.67,19.73,,,,,,,2,10,,China,table 2,N,
He et al.,2012,Lethal effect of imidacloprid on the coccinellid predator Serangium japonicum and sublethal effects on predator voracity and on functional response to the whitefly Bemisia tabaci,lab,lab,,behavior,Serangium japonicum,coccinellidae,Coleoptera,predator,aboveground,aboveground,control,IMI,,,,solution,powder/granular,,,,,0,5,,,,g/100L,,5000,,,,10,10,,,,2009,petri dish,predation ,mean consumption of eggs on treated/untreated leaves (24 hr/exposure),609.6,12.6,627,24.66,,,,,,,2,10,,China,table 2,N,
Fernandes et al.,2016,Lethal and sublethal effects of seven insecticides on three beneficial insects in laboratory assays and field trials,lab,lab,,reproduction,Cycloneda sanguinea,spotless lady beetle,Coleoptera,predator,aboveground,aboveground,control,IMI,THX,,,granular,powder/granular,,,,,0,0.11,0.26,,,mg/cm,,,,,,15,15,15,,,2013,glass bottle,fecundity,eggs/female,168.45,1.12,161,1,191.11,1,,,,,3,15,,Brazil,table 3,N,
Fernandes et al.,2016,Lethal and sublethal effects of seven insecticides on three beneficial insects in laboratory assays and field trials,lab,lab,,reproduction,Cycloneda sanguinea,spotless lady beetle,Coleoptera,predator,aboveground,aboveground,control,IMI,THX,,,granular,powder/granular,,,,,0,0.11,0.26,,,mg/cm,,,,,,15,15,15,,,2013,glass bottle,viability,percentage of eggs yielding viable neonates,75.52,1.04,69,7.87,88.44,2.11,,,,,3,15,,Brazil,table 3,N,
Fernandes et al.,2016,Lethal and sublethal effects of seven insecticides on three beneficial insects in laboratory assays and field trials,lab,lab,,reproduction,Cycloneda sanguinea,spotless lady beetle,Coleoptera,predator,aboveground,aboveground,control,IMI,THX,,,granular,powder/granular,,,,,0,0.11,0.26,,,mg/cm,,,,,,15,15,15,,,2013,glass bottle,offspring,numbers of offspring/female,116.02,1,118,1,119.97,1.08,,,,,3,15,,Brazil,table 3,N,
Fernandes et al.,2016,Lethal and sublethal effects of seven insecticides on three beneficial insects in laboratory assays and field trials,lab,lab,,reproduction,Orius insidiosus,Insidious flower bugs,Hemiptera,predator,aboveground,aboveground,control,IMI,THX,,,granular,powder/granular,,,,,0,0.11,0.26,,,mg/cm,,,,,,15,15,15,,,2013,glass bottle,fecundity,eggs/female,145.31,13.01,111.07,11.87,131.09,11.23,,,,,3,15,,Brazil,table 3,N,
Fernandes et al.,2016,Lethal and sublethal effects of seven insecticides on three beneficial insects in laboratory assays and field trials,lab,lab,,reproduction,Orius insidiosus,Insidious flower bugs,Hemiptera,predator,aboveground,aboveground,control,IMI,THX,,,granular,powder/granular,,,,,0,0.11,0.26,,,mg/cm,,,,,,15,15,15,,,2013,glass bottle,viability,percentage of eggs yielding viable neonates,70.12,4.04,54,1.03,65.44,3.01,,,,,3,15,,Brazil,table 3,N,
Fernandes et al.,2016,Lethal and sublethal effects of seven insecticides on three beneficial insects in laboratory assays and field trials,lab,lab,,reproduction,Orius insidiosus,Insidious flower bugs,Hemiptera,predator,aboveground,aboveground,control,IMI,THX,,,granular,powder/granular,,,,,0,0.11,0.26,,,mg/cm,,,,,,15,15,15,,,2013,glass bottle,offspring,numbers of offspring/female,110.38,0.02,116.1,0.01,119.21,0.01,,,,,3,15,,Brazil,table 3,N,
Fernandes et al.,2016,Lethal and sublethal effects of seven insecticides on three beneficial insects in laboratory assays and field trials,lab,lab,,reproduction,Chauliognathus flavipes,soldier beetle,Coleoptera,pollinator,aboveground,aboveground,control,IMI,THX,,,granular,powder/granular,,,,,0,0.11,0.26,,,mg/cm,,,,,,15,15,15,,,2013,glass bottle,fecundity,eggs/female,215.97,11.4,111.07,5.99,144,21.1,,,,,3,15,,Brazil,table 3,N,
Fernandes et al.,2016,Lethal and sublethal effects of seven insecticides on three beneficial insects in laboratory assays and field trials,lab,lab,,reproduction,Chauliognathus flavipes,soldier beetle,Coleoptera,pollinator,aboveground,aboveground,control,IMI,THX,,,granular,powder/granular,,,,,0,0.11,0.26,,,mg/cm,,,,,,15,15,15,,,2013,glass bottle,viability,percentage of eggs yielding viable neonates,79.11,0.09,14.66,0.97,77.08,0.08,,,,,3,15,,Brazil,table 3,N,
Fernandes et al.,2016,Lethal and sublethal effects of seven insecticides on three beneficial insects in laboratory assays and field trials,lab,lab,,reproduction,Chauliognathus flavipes,soldier beetle,Coleoptera,pollinator,aboveground,aboveground,control,IMI,THX,,,granular,powder/granular,,,,,0,0.11,0.26,,,mg/cm,,,,,,15,15,15,,,2013,glass bottle,offspring,numbers of offspring/female,131.61,0.07,126.41,0.06,129.09,0.96,,,,,3,15,,Brazil,table 3,N,
Krischik et al.,2007,Soil-applied imidacloprid is translocated to nectar and kills nectar-feeding Anagyrus psudococci (Girault) (Hymenoptera: Encyrtidae),lab,lab,,survival,Anagyrus pseudococci,parasitoid wasp,Hymenoptera,parasitoid,aboveground,aboveground,control,IMI,IMI,,,soil application,soil treatment,,,,,0,1.4,2.8,,,g/pot,,,,,,30,30,30,,,2007,water tube,survival,percent survivorship all replicates (1 day),98,1.2,38,6.7,17,4.2,,,,,3,3,,Minnesota,table 1,N,
Krischik et al.,2007,Soil-applied imidacloprid is translocated to nectar and kills nectar-feeding Anagyrus psudococci (Girault) (Hymenoptera: Encyrtidae),lab,lab,,survival,Anagyrus pseudococci,parasitoid wasp,Hymenoptera,parasitoid,aboveground,aboveground,control,IMI,IMI,,,soil application,soil treatment,,,,,0,1.4,2.8,,,g/pot,,,,,,30,30,30,,,2007,water tube,survival,percent survivorship all replicates (7 day),57,13.7,0,0,0,0,,,,,3,3,,Minnesota,table 1,N,
Tasei et al.,2000,"Sub-lethal effects of imidacloprid on bumblebees, Bombus terrestris (Hymenoptera: Apidae), during a laboratory feeding test",lab,lab,,reproduction,Bombus terrestris,buff-tailed bumblebee,Hymenoptera,pollinator,ground,aboveground,control,IMI,IMI,,,analytical grade,lab compound,,,,,0,16,41,,,ﾵg/kg,0,16,41,,,18,18,17,,,2000,micro-colony,abundance,mean number of adult males per colony,10.6,1.5,6.3,0.8,10.1,1.1,,,,,3,18,,France,table 3,N,
Tasei et al.,2000,"Sub-lethal effects of imidacloprid on bumblebees, Bombus terrestris (Hymenoptera: Apidae), during a laboratory feeding test",lab,lab,,reproduction,Bombus terrestris,buff-tailed bumblebee,Hymenoptera,pollinator,ground,aboveground,control,IMI,IMI,,,analytical grade,lab compound,,,,,0,16,41,,,ﾵg/kg,0,16,41,,,23,20,22,,,2000,micro-colony,abundance,mean number of larvae produced per colony,14.6,1.8,8.3,1.2,11.2,1.3,,,,,3,23,,France,table 3,N,
Tasei et al.,2001,Hazards of imidacloprid seed coating to Bombus terrestris (Hymenoptera: Apidae) when applied to sunflower,field,field,18,abundance,Bombus terrestris,buff-tailed bumblebee,Hymenoptera,pollinator,ground,aboveground,control,IMI,,,,seed treatment,seed treatment,0,0.7,,mg/seed,,,,,,,,,,,,10,10,,,,2000,colony,abundance,mean number of workers per colony (26 d),132.9,19.3,131.7,14,,,,,,,2,10,,France,table 5,N,
Whitehorn et al.,2012,Neonicotinoid pesticide reduces bumble bee colony growth and queen production,hybrid,semi-field,,condition,Bombus terrestris,buff-tailed bumblebee,Hymenoptera,pollinator,ground,aboveground,control,IMI,IMI,,,pure compound,lab compound,,,,,0,6.7,13.4,,,ﾵg/kg,0,6.7,13.4,,,20,18,21,,,2012,colony,hive weight,"mean colony weight including wax, brood stores, bees, etc.",188.91,27.9,122.82,17.2,93.1,16.8,,,,,3,25,,United Kingdom,Fig 1,Y,
Whitehorn et al.,2012,Neonicotinoid pesticide reduces bumble bee colony growth and queen production,hybrid,semi-field,,reproduction,Bombus terrestris,buff-tailed bumblebee,Hymenoptera,pollinator,ground,aboveground,control,IMI,IMI,,,pure compound,lab compound,,,,,0,6.7,13.4,,,ﾵg/kg,0,6.7,13.4,,,20,18,21,,,2012,colony,queen production,mean number of queens produced by colonies,13.72,5.7,2,1.13,1.4,0.53,,,,,3,25,,United Kingdom,results text,N,
Larson et al.,2013,Assessing insecticide hazard to bumble bees foraging on flowering weeds in treated lawns,semi-field,semi-field,0.0011,condition,Bombus impatiens,Eastern bumblebee,Hymenoptera,pollinator,ground,aboveground,control,CLO,,,,lawn application,foliar,0,0.45,,kg/ha,,,,,,,,,,,,10,10,,,,2012,colony,hive weight,weight of everything in the hive,857,56,709,59,,,,,,,2,10,,Kentucky,table 1,N,
Larson et al.,2013,Assessing insecticide hazard to bumble bees foraging on flowering weeds in treated lawns,semi-field,semi-field,0.0011,reproduction,Bombus impatiens,Eastern bumblebee,Hymenoptera,pollinator,ground,aboveground,control,CLO,,,,lawn application,foliar,0,0.45,,kg/ha,,,,,,,,,,,,10,10,,,,2012,colony,queen production,mean total queens produced by colonies,34,21,0.48,0.49,,,,,,,2,10,,Kentucky,figure 3,Y,
Larson et al.,2013,Assessing insecticide hazard to bumble bees foraging on flowering weeds in treated lawns,semi-field,semi-field,0.0011,survival,Bombus impatiens,Eastern bumblebee,Hymenoptera,pollinator,ground,aboveground,control,CLO,,,,lawn application,foliar,0,0.45,,kg/ha,,,,,,,,,,,,10,10,,,,2012,colony,survival,mean adult workers and males per hive (alive),271,30,173,39,,,,,,,2,10,,Kentucky,table 1,N,
Feltham et al.,2014,Field realistic doses of pesticide imidacloprid reduce bumblebee pollen foraging efficiency,hybrid,semi-field,,behavior,Bombus terrestris,buff-tailed bumblebee,Hymenoptera,pollinator,ground,aboveground,control,IMI,,,,not specified,lab compound,,,,,0,6.7,,,,ﾵg/kg,0,6.7,,,,21,24,,,,2014,colony,foraging,foraging trips per bee,5.4,1.4,5.96,1.9,,,,,,,2,3,,United Kingdom,results text,N,
Feltham et al.,2014,Field realistic doses of pesticide imidacloprid reduce bumblebee pollen foraging efficiency,hybrid,semi-field,,behavior,Bombus terrestris,buff-tailed bumblebee,Hymenoptera,pollinator,ground,aboveground,control,IMI,,,,not specified,lab compound,,,,,0,6.7,,,,ﾵg/kg,0,6.7,,,,21,24,,,,2014,colony,pollen collected,mean weight of pollen collected per bout (mg),57.32,11.22,41.07,12.72,,,,,,,2,3,,United Kingdom,results text,N,
Rundlof et al.,2015,Seed coating with a neonicotinoid insecticide negatively affects wild bees,field,field,8.9,condition,Bombus terrestris,buff-tailed bumblebee,Hymenoptera,pollinator,ground,aboveground,control,CLO,,,,seed treatment,seed treatment,0,400,,g/L/kg seed,,,,,,,,,,,,8,8,,,,2013,field,hive weight,"mean colony weight including wax, brood stores, bees, etc.",261,24.7,139.4,24.7,,,,,,,2,8,,Sweden,ex. Table 5,N,
Rundlof et al.,2015,Seed coating with a neonicotinoid insecticide negatively affects wild bees,field,field,8.9,reproduction,Bombus terrestris,buff-tailed bumblebee,Hymenoptera,pollinator,ground,aboveground,control,CLO,,,,seed treatment,seed treatment,0,400,,g/L/kg seed,,,,,,,,,,,,8,8,,,,2013,field,queen cocoons,no. of queen cocoons,70,12.3,20.6,8.3,,,,,,,2,8,,Sweden,ex. Table 5,N,
Rundlof et al.,2015,Seed coating with a neonicotinoid insecticide negatively affects wild bees,field,field,8.9,reproduction,Bombus terrestris,buff-tailed bumblebee,Hymenoptera,pollinator,ground,aboveground,control,CLO,,,,seed treatment,seed treatment,0,400,,g/L/kg seed,,,,,,,,,,,,8,8,,,,2013,field,male/worker cocoons,no. of male and worker cocoons,241,29.8,142,29.8,,,,,,,2,8,,Sweden,ex. Table 5,N,
Stanley et al.,2015,Neonicotinoid pesticide exposure impairs crop pollination services provided by bumblebees,semi-field,semi-field,,behavior,Bombus terrestris,buff-tailed bumblebee,Hymenoptera,pollinator,ground,aboveground,control,THX,THX,,,solution,lab compound,,,,,0,2.4,10,,,ﾵg/L,0,2.4,10,,,8,8,8,,,2014,colony,movement,total no. of entrances and exits to colony,53.9,22.3,44.3,12.5,25.3,12,,,,,3,8,,United Kingdom,ex. Table 1,N,
Stanley et al.,2015,Neonicotinoid pesticide exposure impairs crop pollination services provided by bumblebees,semi-field,semi-field,,behavior,Bombus terrestris,buff-tailed bumblebee,Hymenoptera,pollinator,ground,aboveground,control,THX,THX,,,solution,lab compound,,,,,0,2.4,10,,,ﾵg/L,0,2.4,10,,,8,8,8,,,2014,colony,pollen collected,no. of bee visits returning with pollen,7.13,4.28,3.57,3.41,1.5,1.13,,,,,3,8,,United Kingdom,ex. Table 1,N,
Piiroinen et al.,2016,No effect of low-level chronic neonicotinoid exposure on bumblebee learning and fecundity,lab,lab,,reproduction,Bombus terrestris,buff-tailed bumblebee,Hymenoptera,pollinator,ground,aboveground,control,CLO,,,,solution,lab compound,,,,,0,1,,,,ﾵg/L,0,1,,,,15,15,,,,2016,micro-colony,fecundity,"total no. of males, eggs, larvae",99.27,13.44,111.67,14.9,,,,,,,2,15,,United Kingdom,results text,N,
Stanley and Raine,2016,Chronic exposure to a neonicotinoid pesticide alters the interactions between bumblebees and wild plants,semi-field,semi-field,,behavior,Bombus terrestris,buff-tailed bumblebee,Hymenoptera,pollinator,ground,aboveground,control ,THX,,,,solution,lab compound,,,,,0,10,,,,ﾵg/L,0,10,,,,27,47,,,,2014,foraging bees,foraging,length of time spent foraging (s),850.79,81.07,940.09,89.38,,,,,,,2,5,,United Kingdom,table 1,N,
Stanley and Raine,2016,Chronic exposure to a neonicotinoid pesticide alters the interactions between bumblebees and wild plants,semi-field,semi-field,,behavior,Bombus terrestris,buff-tailed bumblebee,Hymenoptera,pollinator,ground,aboveground,control ,THX,,,,solution,lab compound,,,,,0,10,,,,ﾵg/L,0,10,,,,27,47,,,,2014,foraging bees,foraging,length of time spent between flower visits,35.51,5.24,31.55,5.26,,,,,,,2,5,,United Kingdom,table 1,N,
Stanley and Raine,2016,Chronic exposure to a neonicotinoid pesticide alters the interactions between bumblebees and wild plants,semi-field,semi-field,,behavior,Bombus terrestris,buff-tailed bumblebee,Hymenoptera,pollinator,ground,aboveground,control ,THX,,,,solution,lab compound,,,,,0,10,,,,ﾵg/L,0,10,,,,22,11,,,,2014,foraging bees,foraging,time until foraging behavior learnt,815.21,107.91,549.35,78.77,,,,,,,2,5,,United Kingdom,table 1,N,
Stanley and Raine,2016,Chronic exposure to a neonicotinoid pesticide alters the interactions between bumblebees and wild plants,semi-field,semi-field,,behavior,Bombus terrestris,buff-tailed bumblebee,Hymenoptera,pollinator,ground,aboveground,control ,THX,,,,solution,lab compound,,,,,0,10,,,,ﾵg/L,0,10,,,,22,11,,,,2014,foraging bees,flower visits,no. flowers visited before foraging behavior learnt,3.7,1.06,9.6,1.8,,,,,,,2,5,,United Kingdom,table 1,N,
Stanley et al.,2016b,"Investigating the impacts of field-realistic exposure to a neonicotinoid pesticide on bumblebee foraging, homing ability and colony growth",hybrid,semi-field,,behavior,Bombus terrestris,buff-tailed bumblebee,Hymenoptera,pollinator,ground,aboveground,control,THX,,,,solution,lab compound,,,,,0,2.4,,,,ﾵg/L,0,2.4,,,,135,107,,,,2013,foraging bees,foraging days,no. days foraged per bee,5.22,0.33,6.7,0.47,,,,,,,2,4,,United Kingdom,table 1,N,
Stanley et al.,2016b,"Investigating the impacts of field-realistic exposure to a neonicotinoid pesticide on bumblebee foraging, homing ability and colony growth",hybrid,semi-field,,behavior,Bombus terrestris,buff-tailed bumblebee,Hymenoptera,pollinator,ground,aboveground,control,THX,,,,solution,lab compound,,,,,0,2.4,,,,ﾵg/L,0,2.4,,,,135,107,,,,2013,foraging bees,foraging duration,foraging trip duration/day per bee,0.91,0.08,1.13,0.09,,,,,,,2,4,,United Kingdom,table 1,N,
Stanley et al.,2016b,"Investigating the impacts of field-realistic exposure to a neonicotinoid pesticide on bumblebee foraging, homing ability and colony growth",hybrid,semi-field,,condition,Bombus terrestris,buff-tailed bumblebee,Hymenoptera,pollinator,ground,aboveground,control,THX,,,,solution,lab compound,,,,,0,2.4,,,,ﾵg/L,0,2.4,,,,304,289,,,,2013,colony bees,colony size,colony size,76,9.68,72.25,17.3,,,,,,,2,4,,United Kingdom,table 1,N,
Stanley et al.,2016b,"Investigating the impacts of field-realistic exposure to a neonicotinoid pesticide on bumblebee foraging, homing ability and colony growth",hybrid,semi-field,,condition,Bombus terrestris,buff-tailed bumblebee,Hymenoptera,pollinator,ground,aboveground,control,THX,,,,solution,lab compound,,,,,0,2.4,,,,ﾵg/L,0,2.4,,,,130,210,,,,2013,colony bees,body size,body size (mm) per bee,4.07,0.05,4.11,0.04,,,,,,,2,4,,United Kingdom,table 1,N,
Scholer and Krischik,2014,"Chronic exposure of imidacloprid and clothianidin reduce queen survival, foraging, and nectar storing in colonies of Bombus impatiens",greenhouse,greenhouse,,condition,Bombus impatiens,Eastern bumblebee,Hymenoptera,pollinator,ground,aboveground,control,IMI,IMI,IMI,IMI,solution,lab compound,,,,,0,10,20,50,100,ﾵg/L,0,10,20,50,100,8,8,8,8,8,2011,colony,colony weight,colony weight (g) after 11 weeks,333,21,257.2,23.2,215,21,179,15,161,13,5,8,,Minnesota,Fig 4,Y,
Scholer and Krischik,2014,"Chronic exposure of imidacloprid and clothianidin reduce queen survival, foraging, and nectar storing in colonies of Bombus impatiens",greenhouse,greenhouse,,condition,Bombus impatiens,Eastern bumblebee,Hymenoptera,pollinator,ground,aboveground,control,CLO,CLO,CLO,CLO,solution,lab compound,,,,,0,10,20,50,100,ﾵg/L,0,10,20,50,100,8,9,8,8,8,2011,colony,colony weight,colony weight (g) after 11 weeks,412,50,275,40,127,37,108,24,78,6,5,8,,Minnesota,Fig 4,Y,
Scholer and Krischik,2014,"Chronic exposure of imidacloprid and clothianidin reduce queen survival, foraging, and nectar storing in colonies of Bombus impatiens",greenhouse,greenhouse,,survival,Bombus impatiens,Eastern bumblebee,Hymenoptera,pollinator,ground,aboveground,control,IMI,IMI,IMI,IMI,solution,lab compound,,,,,0,10,20,50,100,ﾵg/L,0,10,20,50,100,8,8,8,8,8,2011,colony,brood survival,# brood alive,44,16,13,4,9,4,4,2,0,0,5,8,,Minnesota,Fig 6,Y,
Scholer and Krischik,2014,"Chronic exposure of imidacloprid and clothianidin reduce queen survival, foraging, and nectar storing in colonies of Bombus impatiens",greenhouse,greenhouse,,survival,Bombus impatiens,Eastern bumblebee,Hymenoptera,pollinator,ground,aboveground,control,CLO,CLO,CLO,CLO,solution,lab compound,,,,,0,10,20,50,100,ﾵg/L,0,10,20,50,100,8,9,8,8,8,2011,colony,brood survival,# brood alive,52,18,55,12,35,8,27,7,43,9,5,8,,Minnesota,Fig 6,Y,
Scholer and Krischik,2014,"Chronic exposure of imidacloprid and clothianidin reduce queen survival, foraging, and nectar storing in colonies of Bombus impatiens",greenhouse,greenhouse,,reproduction,Bombus impatiens,Eastern bumblebee,Hymenoptera,pollinator,ground,aboveground,control,IMI,IMI,IMI,IMI,solution,lab compound,,,,,0,10,20,50,100,ﾵg/L,0,10,20,50,100,8,8,8,8,8,2011,colony,hive production,"total production of all castes (workers, males, queens)",453,47,353,29,257,54,294,44,220,30,5,8,,Minnesota,Fig 7,Y,
Scholer and Krischik,2014,"Chronic exposure of imidacloprid and clothianidin reduce queen survival, foraging, and nectar storing in colonies of Bombus impatiens",greenhouse,greenhouse,,reproduction,Bombus impatiens,Eastern bumblebee,Hymenoptera,pollinator,ground,aboveground,control,CLO,CLO,CLO,CLO,solution,lab compound,,,,,0,10,20,50,100,ﾵg/L,0,10,20,50,100,8,9,8,8,8,2011,colony,hive production,"total production of all castes (workers, males, queens)",416,45,362,37,330,21,240,26,252,21,5,8,,Minnesota,Fig 7,Y,
Pecenka and Lundgren,2015,Non-target effects of clothianidin on monarch butterflies,lab,lab,,condition,Danaus plexippus,Monarch butterfly,Lepidoptera,pollinator,aboveground,aboveground,control,CLO,CLO ,CLO,CLO,solution,lab compound,,,,,0,1,5,10,25,ﾵg/L,0,1,5,10,25,39,30,28,18,22,2014,larvae,body length,body length (mm),8.7,0.3,7.87,0.18,7.65,0.11,7.17,0.38,11.55,0.39,6,>20,,South Dakota,Table 1,N,
Pecenka and Lundgren,2015,Non-target effects of clothianidin on monarch butterflies,lab,lab,,condition,Danaus plexippus,Monarch butterfly,Lepidoptera,pollinator,aboveground,aboveground,control,CLO,CLO ,CLO,CLO,solution,lab compound,,,,,0,1,5,10,25,ﾵg/L,0,1,5,10,25,39,30,28,18,22,2014,larvae,weight,weight (mg),23.23,1.7,19.61,1,18.72,0.87,21.62,2.68,32.4,3.5,6,>20,,South Dakota,Table 1,N,
Kreutzweiser et al.,2008,Effects on litter-dwelling earthworms and microbial decomposition of soil-applied imidacloprid for control of wood-boring insects,microcosm,lab,,reproduction,Dendrobaena octaedra,earthworm,Haplotaxida,detritivore,aboveground,aboveground,control,IMI,IMI,,,solution,powder/granular,,,,,0,3,7,,,mg/kg,0,3000,7000,,,4,4,4,,,2008,microcosm,cocoons,number of cocoons produced by day 35,20.2,4.3,20,2.5,17,0,,,,,3,4,,Ontario,Table 3,N,
Kunkel et al.,1999,"Impact of halofenozide, imidacloprid, and bendiocarb on beneficial invertebrates and predatory activity in turfgrass",field plots,field,0.0004,abundance,earthworms,earthworm,Haplotaxida,detritivore,ground,ground,control,IMI,IMI,,,wettable powder,powder/granular,0,0.34,0.45,kg/ha,,,,,,,,,,,,5,5,5,,,1995,field plot,abundance,mean number of earthworms after 40 days (g),15.7,3,28.8,4.5,29.6,4.8,,,,,3,5,2,Kentucky,Table 1,N,
Kunkel et al.,1999,"Impact of halofenozide, imidacloprid, and bendiocarb on beneficial invertebrates and predatory activity in turfgrass",field plots,field,0.0004,condition,earthworms,earthworm,Haplotaxida,detritivore,ground,ground,control,IMI,IMI,,,wettable powder,powder/granular,0,0.34,0.45,kg/ha,,,,,,,,,,,,5,5,5,,,1995,field plot,biomass,mean biomass after 40 d (g),20.1,1.2,20.9,4.4,18,2.1,,,,,3,5,2,Kentucky,Table 1,N,
Kunkel et al.,1999,"Impact of halofenozide, imidacloprid, and bendiocarb on beneficial invertebrates and predatory activity in turfgrass",field plots,field,0.0004,abundance,earthworms,earthworm,Haplotaxida,detritivore,ground,ground,control,IMI,IMI,,,wettable powder,powder/granular,0,0.34,0.45,kg/ha,,,,,,,,,,,,5,5,5,,,1996,field plot,abundance,mean number of earthworms after 40 days (g),8.8,1.2,7.4,0.8,9,1,,,,,3,5,2,Kentucky,Table 1,N,
Kunkel et al.,1999,"Impact of halofenozide, imidacloprid, and bendiocarb on beneficial invertebrates and predatory activity in turfgrass",field plots,field,0.0004,condition,earthworms,earthworm,Haplotaxida,detritivore,ground,ground,control,IMI,IMI,,,wettable powder,powder/granular,0,0.34,0.45,kg/ha,,,,,,,,,,,,5,5,5,,,1996,field plot,biomass,mean biomass after 40 d (g),11.4,2.4,13.6,2.3,13,4.2,,,,,3,5,2,Kentucky,Table 1,N,
Kunkel et al.,1999,"Impact of halofenozide, imidacloprid, and bendiocarb on beneficial invertebrates and predatory activity in turfgrass",field plots,field,0.0004,abundance,Collembola,springtails,Collembola,detritivore,both,both,control,IMI,IMI,,,wettable powder,powder/granular,0,0.34,0.45,kg/ha,,,,,,,,,,,,5,5,5,,,1995,field plot,abundance,mean no. per sample (2 samples per plot),31.8,10.6,15.2,1.2,19.4,7,,,,,3,5,2,Kentucky,Table 2,N,
Kunkel et al.,1999,"Impact of halofenozide, imidacloprid, and bendiocarb on beneficial invertebrates and predatory activity in turfgrass",field plots,field,0.0004,abundance,Oribatid mites,moss mites,Orabatida,detritivore,both,both,control,IMI,IMI,,,wettable powder,powder/granular,0,0.34,0.45,kg/ha,,,,,,,,,,,,5,5,5,,,1995,field plot,abundance,mean no. per sample (2 samples per plot),34.8,11.8,109.2,58.5,53.8,29,,,,,3,5,2,Kentucky,Table 2,N,
Kunkel et al.,1999,"Impact of halofenozide, imidacloprid, and bendiocarb on beneficial invertebrates and predatory activity in turfgrass",field plots,field,0.0004,abundance,Collembola,springtails,Collembola,detritivore,both,both,control,IMI,IMI,,,wettable powder,powder/granular,0,0.34,0.45,kg/ha,,,,,,,,,,,,5,5,5,,,1996,field plot,abundance,mean no. per sample (2 samples per plot),60,15.3,40,13.8,28.4,8.5,,,,,3,5,2,Kentucky,Table 2,N,
Kunkel et al.,1999,"Impact of halofenozide, imidacloprid, and bendiocarb on beneficial invertebrates and predatory activity in turfgrass",field plots,field,0.0004,abundance,Oribatid mites,moss mites,Orabatida,detritivore,both,both,control,IMI,IMI,,,wettable powder,powder/granular,0,0.34,0.45,kg/ha,,,,,,,,,,,,5,5,5,,,1996,field plot,abundance,mean no. per sample (2 samples per plot),13.8,5.5,9.2,2.9,20,8.7,,,,,3,5,2,Kentucky,Table 2,N,
Wang et al.,2015,"Biological response of earthworm, Eisenia fetida, to five neonicotinoids",lab,lab,,reproduction,Eisenia fetida,redworm,Haplotaxida,detritivore,aboveground,aboveground,control,IMI,IMI,IMI,IMI,not specified,lab compound,,,,,0,0.1,0.2,0.5,1,mg/kg,0,100,200,500,1000,5,5,5,5,5,2015,glass bottle,cocoons,mean cocoons per E. fetida,4.05,0.05,4.07,0.32,4.15,0.15,3.09,0.33,2.35,0.15,3,5,,China,Table 3,N,
Wang et al.,2015,"Biological response of earthworm, Eisenia fetida, to five neonicotinoids",lab,lab,,reproduction,Eisenia fetida,redworm,Haplotaxida,detritivore,aboveground,aboveground,control,CLO,CLO,CLO,CLO,not specified,lab compound,,,,,0,0.01,25,0.05,0.2,mg/kg,0,10,25,50,200,5,5,5,5,5,2015,glass bottle,cocoons,mean cocoons per E. fetida,4.05,0.05,4.16,0.78,4.43,0.25,3.5,0.1,3.1,0.5,3,5,,China,Table 3,N,
Wang et al.,2015,"Biological response of earthworm, Eisenia fetida, to five neonicotinoids",lab,lab,,reproduction,Eisenia fetida,redworm,Haplotaxida,detritivore,aboveground,aboveground,control,IMI,IMI,IMI,IMI,not specified,lab compound,,,,,0,0.1,0.2,0.5,1,mg/kg,0,100,200,500,1000,5,5,5,5,5,2015,glass bottle,hatchlings,mean hatchlings per cocoon,3.97,0.22,3.67,0.33,2.57,0.01,2.37,0.3,2.69,0.69,3,5,,China,Table 3,N,
Wang et al.,2015,"Biological response of earthworm, Eisenia fetida, to five neonicotinoids",lab,lab,,reproduction,Eisenia fetida,redworm,Haplotaxida,detritivore,aboveground,aboveground,control,CLO,CLO,CLO,CLO,not specified,lab compound,,,,,0,0.01,25,0.05,0.2,mg/kg,0,10,25,50,200,5,5,5,5,5,2015,glass bottle,hatchlings,mean hatchlings per cocoon,3.97,0.22,4.09,0.65,3.98,0.59,4.75,0.46,3.7,0.46,3,5,,China,Table 3,N,
Wang et al.,2015,"Biological response of earthworm, Eisenia fetida, to five neonicotinoids",lab,lab,,condition,Eisenia fetida,redworm,Haplotaxida,detritivore,aboveground,aboveground,control,IMI,IMI,IMI,IMI,not specified,lab compound,,,,,0,0.1,0.2,0.5,1,mg/kg,0,100,200,500,1000,5,5,5,5,5,2015,glass bottle,cocoon weight,mean cocoon weight (mg),13.75,1.61,13.36,1.06,12.46,1.96,10.96,0.38,8,2.43,3,5,,China,Table 3,N,
Wang et al.,2015,"Biological response of earthworm, Eisenia fetida, to five neonicotinoids",lab,lab,,condition,Eisenia fetida,redworm,Haplotaxida,detritivore,aboveground,aboveground,control,CLO,CLO,CLO,CLO,not specified,lab compound,,,,,0,0.01,25,0.05,0.2,mg/kg,0,10,25,50,200,5,5,5,5,5,2015,glass bottle,cocoon weight,mean cocoon weight (mg),13.75,1.61,13.58,1.5,12.66,1.3,11.3,2.89,11.07,0.84,3,5,,China,Table 3,N,
Rogers et al.,2007,"Effect of soil application imidacloprid on survival of adult green lacewing, Chrysoperla carnea (Neuroptera: Chrysopidae) used for biological control in greenhouse",greenhouse,greenhouse,,survival,Chrysoperla carnea,green lacewing,Neuroptera,predator,aboveground,aboveground,control,IMI,IMI,,,granular,powder/granular,0,6,12,g,,,,,,,,,,,,3,3,3,,,2006,cage,survival,percent survival of adults after 10 d,86,2.6,23.6,9.1,18.2,4.2,,,,,3,3,,Minnesota,Fig 3,Y,
Rogers et al.,2007,"Effect of soil application imidacloprid on survival of adult green lacewing, Chrysoperla carnea (Neuroptera: Chrysopidae) used for biological control in greenhouse",greenhouse,greenhouse,,survival,Chrysoperla carnea,green lacewing,Neuroptera,predator,aboveground,aboveground,control,IMI,IMI,,,granular,powder/granular,0,6,12,g,,,,,,,,,,,,4,4,4,,,2006,cage,survival,percent survival of adults after 10 d,70.1,0.8,12.8,3,1.94,0.77,,,,,3,4,,Minnesota,Fig 3,Y,
Rogers et al.,2007,"Effect of soil application imidacloprid on survival of adult green lacewing, Chrysoperla carnea (Neuroptera: Chrysopidae) used for biological control in greenhouse",greenhouse,greenhouse,,survival,Chrysoperla carnea,green lacewing,Neuroptera,predator,aboveground,aboveground,control,IMI,IMI,,,granular,powder/granular,0,6,12,g,,,,,,,,,,,,4,4,4,,,2006,cage,survival,percent survival of adults after 10 d,82.2,3.6,3.9,1.13,2.32,0.41,,,,,3,4,,Minnesota,Fig 3,Y,
Gontijo et al.,2014,Non-target effects of chlorantraniliprole and thiamethoxam on Chrysoperla carnea when employed as a sunflower seed treatment,lab,lab,,survival,Chrysoperla carnea,green lacewing,Neuroptera,predator,aboveground,aboveground,control,THX,,,,seed treatment,seed treatment,0,50,,mg/100 kg,,,,,,,,,,,,8,8,,,,2014,petri dish,survival,larval survival (%),97.5,2.5,92.5,5.26,,,,,,,2,8,,Kansas,Table 1,N,
Gontijo et al.,2014,Non-target effects of chlorantraniliprole and thiamethoxam on Chrysoperla carnea when employed as a sunflower seed treatment,lab,lab,,reproduction,Chrysoperla carnea,green lacewing,Neuroptera,predator,aboveground,aboveground,control,THX,,,,seed treatment,seed treatment,0,50,,mg/100 kg,,,,,,,,,,,,10,10,,,,2014,plastic cylinder,fecundity,10 day fecundity (eggs per female),73.3,11.77,15.1,9.41,,,,,,,2,10,,Kansas,Table 2,N,
Gontijo et al.,2014b,Non-target effects of two sunflower seed treatments on Orius insidiosus (Hemiptera: Anthocoridae),lab,lab,,survival,Orius insidiosus,Insidious flower bugs,Hemiptera,predator,aboveground,aboveground,control,THX,,,,seed treatment,seed treatment,0,50,,mg/100 kg,,,,,,,,,,,,10,10,,,,2014,petri dish,survival,% survival of nymphs (V2 plants),92,3.27,52,9.52,,,,,,,2,10,,Kansas,Table 3,N,
Gontijo et al.,2014b,Non-target effects of two sunflower seed treatments on Orius insidiosus (Hemiptera: Anthocoridae),lab,lab,,survival,Orius insidiosus,Insidious flower bugs,Hemiptera,predator,aboveground,aboveground,control,THX,,,,seed treatment,seed treatment,0,50,,mg/100 kg,,,,,,,,,,,,10,10,,,,2014,petri dish,survival,% survival of nymphs (V6 plants),82,4.67,92,3.27,,,,,,,2,10,,Kansas,Table 3,N,
Gontijo et al.,2014b,Non-target effects of two sunflower seed treatments on Orius insidiosus (Hemiptera: Anthocoridae),lab,lab,,reproduction,Orius insidiosus,Insidious flower bugs,Hemiptera,predator,aboveground,aboveground,control,THX,,,,seed treatment,seed treatment,0,50,,mg/100 kg,,,,,,,,,,,,25,25,,,,2014,petri dish,fecundity,eggs per female/day,4.97,0.69,5.35,0.66,,,,,,,2,25,,Kansas,Table 5,N,
Gontijo et al.,2014b,Non-target effects of two sunflower seed treatments on Orius insidiosus (Hemiptera: Anthocoridae),lab,lab,,reproduction,Orius insidiosus,Insidious flower bugs,Hemiptera,predator,aboveground,aboveground,control,THX,,,,seed treatment,seed treatment,0,50,,mg/100 kg,,,,,,,,,,,,25,25,,,,2014,petri dish,fecundity,eggs per female/day,7.16,0.6,7.42,0.52,,,,,,,2,25,,Kansas,Table 5,N,
Gontijo et al.,2014b,Non-target effects of two sunflower seed treatments on Orius insidiosus (Hemiptera: Anthocoridae),lab,lab,,reproduction,Orius insidiosus,Insidious flower bugs,Hemiptera,predator,aboveground,aboveground,control,THX,,,,seed treatment,seed treatment,0,50,,mg/100 kg,,,,,,,,,,,,25,25,,,,2014,petri dish,egg fertility,% hatching,63.09,6.82,62.49,7.12,,,,,,,2,25,,Kansas,Table 5,N,
Gontijo et al.,2014b,Non-target effects of two sunflower seed treatments on Orius insidiosus (Hemiptera: Anthocoridae),lab,lab,,reproduction,Orius insidiosus,Insidious flower bugs,Hemiptera,predator,aboveground,aboveground,control,THX,,,,seed treatment,seed treatment,0,50,,mg/100 kg,,,,,,,,,,,,25,25,,,,2014,petri dish,egg fertility,% hatching,62.59,6.35,76,7.39,,,,,,,2,25,,Kansas,Table 5,N,
Elston et al.,2013,"Sub-lethal effects of thiamethoxam, a neonicotinoid pesticide, and propiconazole, a DMI fungicide, on colony initiation in bumblebee (Bombus terrestris) micro-colonies",lab,lab,,reproduction,Bombus terrestris,buff-tailed bumblebee,Hymenoptera,pollinator,ground,aboveground,control,THX,THX,,,solution,lab compound,,,,,0,1,10,,,ﾵg/kg,0,1,10,,,10,10,10,,,2012,micro-colony,reproduction,mean number of eggs and larvae per micro-colony,6.5,1.5,1.9,0.8,0.9,0.8,,,,,3,10,,United Kingdom,figure 3,Y,
Franklin et al.,2004,Effects of clothianidin on Bombus impatiens (Hymenoptera: Apidae) Colony Health and Foraging Ability,lab,lab,,reproduction,Bombus impatiens,Eastern bumblebee,Hymenoptera,pollinator,ground,aboveground,control,CLO,CLO,,,solution,lab compound,,,,,0,6,36,,,,0,6,36,,,8,8,8,,,2002,colony,queen production,mean number of queens produced by colonies,7.76,6.85,1.74,0.69,1.32,0.21,,,,,3,8,,British Columbia,figure 3,Y,
Franklin et al.,2004,Effects of clothianidin on Bombus impatiens (Hymenoptera: Apidae) Colony Health and Foraging Ability,lab,lab,,reproduction,Bombus impatiens,Eastern bumblebee,Hymenoptera,pollinator,ground,aboveground,control,CLO,CLO,,,solution,lab compound,,,,,0,6,36,,,,0,6,36,,,8,8,8,,,2002,colony,males produced,mean number of males produced per colony,8.5,6.6,17,13.5,15.7,5,,,,,3,8,,British Columbia,figure 3,Y,
Papachristos and Milonas,2008,Adverse effects of soil applied insecticides on the predatory coccinellid Hippodamia undecimnotata (Coleoptera: Coccinellidae),lab,lab,,reproduction,Hippodamia undecimnotata,black-spotted ladybeetle,Coleoptera,predator,aboveground,aboveground,control,IMI,,,,solution,soil treatment,,,,,0,0.0206,,,,mg/pot,,,,,,10,10,,,,2006,individual female,eggs per female,mean eggs produced per female,1089.1,69.2,725.3,102.1,,,,,,,2,10,,Greece,Table 3,N,
Papachristos and Milonas,2008,Adverse effects of soil applied insecticides on the predatory coccinellid Hippodamia undecimnotata (Coleoptera: Coccinellidae),lab,lab,,survival,Hippodamia undecimnotata,black-spotted ladybeetle,Coleoptera,predator,aboveground,aboveground,control,IMI,,,,solution,soil treatment,,,,,0,0.0206,,,,mg/pot,,,,,,10,10,,,,2006,individual female,longevity,mean longevity (days) female,122.9,7.7,98,4.4,,,,,,,2,10,,Greece,Table 3,N,
Papachristos and Milonas,2008,Adverse effects of soil applied insecticides on the predatory coccinellid Hippodamia undecimnotata (Coleoptera: Coccinellidae),lab,lab,,survival,Hippodamia undecimnotata,black-spotted ladybeetle,Coleoptera,predator,aboveground,aboveground,control,IMI,,,,solution,soil treatment,,,,,0,0.0206,,,,mg/pot,,,,,,10,10,,,,2006,individual male,longevity,mean longevity (days) male,104.3,4.5,72.2,10.7,,,,,,,2,10,,Greece,Table 3,N,
Thiel and Kohler,2016,A sublethal imidacloprid concentration alters foraging and competition behavior of ants,lab,lab,,behavior,Lasius flavus / Lasius niger,yellow meadow / black garden ant,Hymenoptera,omnivore,both,both,control,IMI,,,,solution,lab compound,,,,,0,1.5,,,,ﾵg/mL,0,1500,,,,3,3,,,,2016,sub colony,movement,mean number of workers moving actively within artificial nest,42.3,3.39,5.7,1.07,,,,,,,2,3,,Germany,results text,N,
Thiel and Kohler,2016,A sublethal imidacloprid concentration alters foraging and competition behavior of ants,lab,lab,,behavior,Lasius flavus / Lasius niger,yellow meadow / black garden ant,Hymenoptera,omnivore,both,both,control,IMI,,,,solution,lab compound,,,,,0,1.5,,,,ﾵg/mL,0,1500,,,,3,3,,,,2016,sub colony,foraging,number of workers that were foraging at the end of trials,13.3,0.66,5.44,0.67,,,,,,,2,3,,Germany,results text,N,
Abbott et al.,2008,Lethal and sublethal effects of imidacloprid on Osmia lignaria and clothianidin on Megachile rotundata (Hymenoptera: Megachilidae),lab,lab,,condition,Megachile rotundata,alfalfa leafcutter ,Hymenoptera,pollinator,aboveground,aboveground,control,CLO,CLO,CLO,,technical grade,lab compound,,,,,0,3,30,300,,,0,3,30,300,,89,89,71,73,,2005,individual bee,weight,mean weight of females (mg),33.6,0.44,33.6,0.47,32.3,0.63,33.8,0.44,,,4,,,British Columbia,Table 1,N,
Abbott et al.,2008,Lethal and sublethal effects of imidacloprid on Osmia lignaria and clothianidin on Megachile rotundata (Hymenoptera: Megachilidae),lab,lab,,condition,Megachile rotundata,alfalfa leafcutter ,Hymenoptera,pollinator,aboveground,aboveground,control,CLO,CLO,CLO,,technical grade,lab compound,,,,,0,3,30,300,,,0,3,30,300,,118,115,127,124,,2005,individual bee,weight,mean weight of males (mg),27.5,0.35,27.6,0.4,27.4,0.35,27.4,0.4,,,4,,,British Columbia,Table 1,N,
Abbott et al.,2008,Lethal and sublethal effects of imidacloprid on Osmia lignaria and clothianidin on Megachile rotundata (Hymenoptera: Megachilidae),lab,lab,,reproduction,Megachile rotundata,alfalfa leafcutter ,Hymenoptera,pollinator,aboveground,aboveground,control,CLO,CLO,CLO,,technical grade,lab compound,,,,,0,3,30,300,,,0,3,30,300,,89,89,70,74,,2005,individual bee,emergence,mean number of females emerged,25.7,0.31,26.5,0.22,25.9,0.23,26.7,0.26,,,4,,,British Columbia,Table 1,N,
Abbott et al.,2008,Lethal and sublethal effects of imidacloprid on Osmia lignaria and clothianidin on Megachile rotundata (Hymenoptera: Megachilidae),lab,lab,,reproduction,Megachile rotundata,alfalfa leafcutter ,Hymenoptera,pollinator,aboveground,aboveground,control,CLO,CLO,CLO,,technical grade,lab compound,,,,,0,3,30,300,,,0,3,30,300,,118,115,127,124,,2005,individual bee,emergence,mean number of males emerged,23.1,0.34,23.6,0.16,23.1,0.25,23.1,0.27,,,4,,,British Columbia,Table 1,N,
Abbott et al.,2008,Lethal and sublethal effects of imidacloprid on Osmia lignaria and clothianidin on Megachile rotundata (Hymenoptera: Megachilidae),lab,lab,,reproduction,Megachile rotundata,alfalfa leafcutter ,Hymenoptera,pollinator,aboveground,aboveground,control,CLO,CLO,CLO,,technical grade,lab compound,,,,,0,3,30,300,,,0,3,30,300,,66,62,50,62,,2005,individual bee,cocoon completion,mean number of cocoons completed (females),12.5,0.16,12.8,0.18,12.7,0.25,12.9,0.2,,,4,,,British Columbia,Table 1,N,
Abbott et al.,2008,Lethal and sublethal effects of imidacloprid on Osmia lignaria and clothianidin on Megachile rotundata (Hymenoptera: Megachilidae),lab,lab,,reproduction,Megachile rotundata,alfalfa leafcutter ,Hymenoptera,pollinator,aboveground,aboveground,control,CLO,CLO,CLO,,technical grade,lab compound,,,,,0,3,30,300,,,0,3,30,300,,93,85,98,93,,2005,individual bee,cocoon completion,mean number of cocoons completed (males),12.6,0.21,12.5,0.21,12.7,0.17,12.8,0.2,,,4,,,British Columbia,Table 1,N,
Sandrock et al.,2014,Sublethal neonicotinoid insecticide exposure reduces solitary bee reproductive success,lab,lab,,condition,Osmia bicornis,red mason bee,Hymenoptera,pollinator,aboveground,aboveground,control,MIX,,,,analytical grade,lab compound,,,,,0,3.32,,,,ﾵg/kg,0,3.32,,,,101,101,,,,2014,individual bee,offspring weight,mean offspring body weight (mg),42.7,1.24,45.2,1.27,,,,,,,,2,,,Switzerland,Figure 4,N
Sandrock et al.,2014,Sublethal neonicotinoid insecticide exposure reduces solitary bee reproductive success,lab,lab,,reproduction,Osmia bicornis,red mason bee,Hymenoptera,pollinator,aboveground,aboveground,control,MIX,,,,analytical grade,lab compound,,,,,0,3.32,,,,ﾵg/kg,0,3.32,,,,194,151,,,,2014,nests,offspring produced,mean number of offspring per nest tube,4.17,0.11,2.8,0.12,,,,,,,2,,,Switzerland,Figure 3,N,
Larson et al.,2014,"Impacts of a neonicotinoid, neonicotinoid-pyrethroid premix, and anthranilic diamide insecticide on four species of turf inhabiting beneficial insects",field plots,field,0.0011,survival,Bombus impatiens,Eastern bumblebee,Hymenoptera,pollinator,ground,aboveground,control,CLO,,,,not specified,foliar,0,0.45,,kg/ha,,,,,,,,,,,,5,5,,,,2011,colony,survival,mean number of workers per colony alive (after 2 weeks from exposure),106,8,59,11,,,,,,,2,5,,Kentucky,Figure 2,Y,
Larson et al.,2014,"Impacts of a neonicotinoid, neonicotinoid-pyrethroid premix, and anthranilic diamide insecticide on four species of turf inhabiting beneficial insects",field plots,field,0.0011,survival,Bombus impatiens,Eastern bumblebee,Hymenoptera,pollinator,ground,aboveground,control,CLO,,,,not specified,foliar,0,0.45,,kg/ha,,,,,,,,,,,,5,5,,,,2011,colony,survival,mean number of larvae/pupae alive per colony (after 2 weeks from exposure),12.2,10,21,7,,,,,,,2,5,,Kentucky,Figure 2,Y,
Tran et al.,2004,"Effects of selective insecticides on host searching and oviposition behavior of Neochysocharis formosa (Westwood) (Hymenoptera: Eulophidae), a larval parasitoid of the American serpentine leafminer",lab,lab,,reproduction,Neochrysocharis formosa,parasitoid wasp,Hymenoptera,parasitoid,aboveground,aboveground,control,IMI,,,,commercial,powder/granular,0,0.5,,g/L,,,,,,,0,500000,,,,20,20,,,,2004,individual wasp,eggs laid,no. of eggs laid per female,2.35,0.18,0.99,0.22,,,,,,,2,20,,Japan,Table 3,N,
Tran et al.,2004,"Effects of selective insecticides on host searching and oviposition behavior of Neochysocharis formosa (Westwood) (Hymenoptera: Eulophidae), a larval parasitoid of the American serpentine leafminer",lab,lab,,behavior,Neochrysocharis formosa,parasitoid wasp,Hymenoptera,parasitoid,aboveground,aboveground,control,IMI,,,,commercial,powder/granular,0,0.5,,g/L,,,,,,,0,500000,,,,20,20,,,,2004,individual wasp,hosts found,no. of hosts found per female,3.05,0.26,1.1,0.27,,,,,,,2,20,,Japan,Table 3,N,
Tran et al.,2004,"Effects of selective insecticides on host searching and oviposition behavior of Neochysocharis formosa (Westwood) (Hymenoptera: Eulophidae), a larval parasitoid of the American serpentine leafminer",lab,lab,,behavior,Neochrysocharis formosa,parasitoid wasp,Hymenoptera,parasitoid,aboveground,aboveground,control,IMI,,,,commercial,powder/granular,0,0.5,,g/L,,,,,,,0,500000,,,,20,20,,,,2004,individual wasp,ovipositor insertions,no. of ovipositor insertions in hosts,5.63,0.54,1.95,0.53,,,,,,,2,20,,Japan,Table 3,N,
Tran et al.,2004,"Effects of selective insecticides on host searching and oviposition behavior of Neochysocharis formosa (Westwood) (Hymenoptera: Eulophidae), a larval parasitoid of the American serpentine leafminer",lab,lab,,behavior,Neochrysocharis formosa,parasitoid wasp,Hymenoptera,parasitoid,aboveground,aboveground,control,IMI,,,,commercial,powder/granular,0,0.5,,g/L,,,,,,,0,500000,,,,20,20,,,,2004,individual wasp,hosts fed on,no. of hosts fed on per female,0.25,0.09,0,0,,,,,,,2,20,,Japan,Table 3,N,
Moscardini et al.,2014,Sublethal effects of chlorantraniliprole and thiamethoxam seed treatments when Lysiphlebus testaceipes feed on sunflower extrafloral nectar,lab,lab,,behavior,Lysiphlebus testaceipes,aphid wasp,Hymenoptera,parasitoid,aboveground,aboveground,control,THX,,,,seed treatment,seed treatment,0,50,,mg/100 kg,,,,,,,,,,,,16,16,,,,2014,individual wasp,percent attacked,percent of aphids attacked post 48 hr feeding on treatments,43.1,7.4,24.4,5.2,,,,,,,2,16,,Kansas,Table 1,N,
Moscardini et al.,2014,Sublethal effects of chlorantraniliprole and thiamethoxam seed treatments when Lysiphlebus testaceipes feed on sunflower extrafloral nectar,lab,lab,,behavior,Lysiphlebus testaceipes,aphid wasp,Hymenoptera,parasitoid,aboveground,aboveground,control,THX,,,,seed treatment,seed treatment,0,50,,mg/100 kg,,,,,,,,,,,,16,16,,,,2014,individual wasp,parasitism,percent of aphids parasitized after 48 hrs post treatment,38.8,7.9,20.6,5,,,,,,,2,16,,Kansas,Table 1,N,
Peck,2009b,Long-term effects of imidacloprid on the abundance of surface- and soil-active nontarget fauna in turf,field,field,0.01,abundance,Carabidae,ground beetle,Coleoptera,mixed,both,both,control,IMI,,,,granular,powder/granular,0,0.37,,kg/ha,,,,,,,,,,,,4,4,,,,2001,field plot,abundance,mean captures per plot,8.38,1.35,2.23,1.23,,,,,,,2,4,,New York,Figure 4,Y,
Peck,2009b,Long-term effects of imidacloprid on the abundance of surface- and soil-active nontarget fauna in turf,field,field,0.01,abundance,Carabidae,ground beetle,Coleoptera,mixed,both,both,control,IMI,,,,granular,powder/granular,0,0.37,,kg/ha,,,,,,,,,,,,4,4,,,,2002,field plot,abundance,mean captures per plot,11.2,2.1,0.29,0.37,,,,,,,2,4,,New York,Figure 4,Y,
Peck,2009b,Long-term effects of imidacloprid on the abundance of surface- and soil-active nontarget fauna in turf,field,field,0.01,abundance,Carabidae,ground beetle,Coleoptera,mixed,both,both,control,IMI,,,,granular,powder/granular,0,0.37,,kg/ha,,,,,,,,,,,,4,4,,,,2003,field plot,abundance,mean captures per plot,0,0,0,0,,,,,,,2,4,,New York,Figure 4,Y,
Peck,2009b,Long-term effects of imidacloprid on the abundance of surface- and soil-active nontarget fauna in turf,field,field,0.01,abundance,Carabidae,ground beetle,Coleoptera,mixed,both,both,control,IMI,,,,granular,powder/granular,0,0.37,,kg/ha,,,,,,,,,,,,4,4,,,,2004,field plot,abundance,mean captures per plot,10.2,4.7,0.83,0.37,,,,,,,2,4,,New York,Figure 4,Y,
Peck,2009b,Long-term effects of imidacloprid on the abundance of surface- and soil-active nontarget fauna in turf,field,field,0.01,abundance,Carabidae,ground beetle,Coleoptera,mixed,both,both,control,IMI,,,,granular,powder/granular,0,0.37,,kg/ha,,,,,,,,,,,,4,4,,,,2005,field plot,abundance,mean captures per plot,20.8,7.8,1.71,0.87,,,,,,,2,4,,New York,Figure 4,Y,
Peck,2009b,Long-term effects of imidacloprid on the abundance of surface- and soil-active nontarget fauna in turf,field,field,0.01,abundance,Staphylinidae,rove beetle,Coleoptera,predator,aboveground,aboveground,control,IMI,,,,granular,powder/granular,0,0.37,,kg/ha,,,,,,,,,,,,4,4,,,,2001,field plot,abundance,mean captures per plot,8.9,3.6,2.79,1.11,,,,,,,2,4,,New York,Figure 4,Y,
Peck,2009b,Long-term effects of imidacloprid on the abundance of surface- and soil-active nontarget fauna in turf,field,field,0.01,abundance,Staphylinidae,rove beetle,Coleoptera,predator,aboveground,aboveground,control,IMI,,,,granular,powder/granular,0,0.37,,kg/ha,,,,,,,,,,,,4,4,,,,2002,field plot,abundance,mean captures per plot,3.55,1.66,0.31,0.18,,,,,,,2,4,,New York,Figure 4,Y,
Peck,2009b,Long-term effects of imidacloprid on the abundance of surface- and soil-active nontarget fauna in turf,field,field,0.01,abundance,Staphylinidae,rove beetle,Coleoptera,predator,aboveground,aboveground,control,IMI,,,,granular,powder/granular,0,0.37,,kg/ha,,,,,,,,,,,,4,4,,,,2003,field plot,abundance,mean captures per plot,2.18,1.2,0.6,0.28,,,,,,,2,4,,New York,Figure 4,Y,
Peck,2009b,Long-term effects of imidacloprid on the abundance of surface- and soil-active nontarget fauna in turf,field,field,0.01,abundance,Staphylinidae,rove beetle,Coleoptera,predator,aboveground,aboveground,control,IMI,,,,granular,powder/granular,0,0.37,,kg/ha,,,,,,,,,,,,4,4,,,,2004,field plot,abundance,mean captures per plot,3.9,1.26,1.55,0.83,,,,,,,2,4,,New York,Figure 4,Y,
Peck,2009b,Long-term effects of imidacloprid on the abundance of surface- and soil-active nontarget fauna in turf,field,field,0.01,abundance,Staphylinidae,rove beetle,Coleoptera,predator,aboveground,aboveground,control,IMI,,,,granular,powder/granular,0,0.37,,kg/ha,,,,,,,,,,,,4,4,,,,2005,field plot,abundance,mean captures per plot,16.75,4.72,2.31,1.12,,,,,,,2,4,,New York,Figure 4,Y,
Peck,2009b,Long-term effects of imidacloprid on the abundance of surface- and soil-active nontarget fauna in turf,field,field,0.01,abundance,Collembola,springtails,Collembola,detritivore,both,both,control,IMI,,,,granular,powder/granular,0,0.37,,kg/ha,,,,,,,,,,,,4,4,,,,2001,field plot,abundance,mean captures per plot,87,21,12,11,,,,,,,2,4,,New York,Figure 5,Y,
Peck,2009b,Long-term effects of imidacloprid on the abundance of surface- and soil-active nontarget fauna in turf,field,field,0.01,abundance,Collembola,springtails,Collembola,detritivore,both,both,control,IMI,,,,granular,powder/granular,0,0.37,,kg/ha,,,,,,,,,,,,4,4,,,,2002,field plot,abundance,mean captures per plot,253,54,111,29,,,,,,,2,4,,New York,Figure 5,Y,
Peck,2009b,Long-term effects of imidacloprid on the abundance of surface- and soil-active nontarget fauna in turf,field,field,0.01,abundance,Collembola,springtails,Collembola,detritivore,both,both,control,IMI,,,,granular,powder/granular,0,0.37,,kg/ha,,,,,,,,,,,,4,4,,,,2003,field plot,abundance,mean captures per plot,102,25,64,13,,,,,,,2,4,,New York,Figure 5,Y,
Peck,2009b,Long-term effects of imidacloprid on the abundance of surface- and soil-active nontarget fauna in turf,field,field,0.01,abundance,Collembola,springtails,Collembola,detritivore,both,both,control,IMI,,,,granular,powder/granular,0,0.37,,kg/ha,,,,,,,,,,,,4,4,,,,2004,field plot,abundance,mean captures per plot,38,13,18,12,,,,,,,2,4,,New York,Figure 5,Y,
Peck,2009b,Long-term effects of imidacloprid on the abundance of surface- and soil-active nontarget fauna in turf,field,field,0.01,abundance,Collembola,springtails,Collembola,detritivore,both,both,control,IMI,,,,granular,powder/granular,0,0.37,,kg/ha,,,,,,,,,,,,4,4,,,,2005,field plot,abundance,mean captures per plot,146,29,96,17,,,,,,,2,4,,New York,Figure 5,Y,
Peck,2009b,Long-term effects of imidacloprid on the abundance of surface- and soil-active nontarget fauna in turf,field,field,0.01,abundance,Thysanoptera,thrips,Thysanoptera,mixed,both,aboveground,control,IMI,,,,granular,powder/granular,0,0.37,,kg/ha,,,,,,,,,,,,4,4,,,,2001,field plot,abundance,mean captures per plot,6.5,2.3,2.2,1.4,,,,,,,2,4,,New York,Figure 2,Y,
Peck,2009b,Long-term effects of imidacloprid on the abundance of surface- and soil-active nontarget fauna in turf,field,field,0.01,abundance,Thysanoptera,thrips,Thysanoptera,mixed,both,aboveground,control,IMI,,,,granular,powder/granular,0,0.37,,kg/ha,,,,,,,,,,,,4,4,,,,2002,field plot,abundance,mean captures per plot,10.3,3.8,8.4,2.6,,,,,,,2,4,,New York,Figure 2,Y,
Peck,2009b,Long-term effects of imidacloprid on the abundance of surface- and soil-active nontarget fauna in turf,field,field,0.01,abundance,Thysanoptera,thrips,Thysanoptera,mixed,both,aboveground,control,IMI,,,,granular,powder/granular,0,0.37,,kg/ha,,,,,,,,,,,,4,4,,,,2003,field plot,abundance,mean captures per plot,6.3,3.4,2.5,0.9,,,,,,,2,4,,New York,Figure 2,Y,
Peck,2009b,Long-term effects of imidacloprid on the abundance of surface- and soil-active nontarget fauna in turf,field,field,0.01,abundance,Thysanoptera,thrips,Thysanoptera,mixed,both,aboveground,control,IMI,,,,granular,powder/granular,0,0.37,,kg/ha,,,,,,,,,,,,4,4,,,,2004,field plot,abundance,mean captures per plot,5.09,0.52,5.1,2.7,,,,,,,2,4,,New York,Figure 2,Y,
Peck,2009b,Long-term effects of imidacloprid on the abundance of surface- and soil-active nontarget fauna in turf,field,field,0.01,abundance,Thysanoptera,thrips,Thysanoptera,mixed,both,aboveground,control,IMI,,,,granular,powder/granular,0,0.37,,kg/ha,,,,,,,,,,,,4,4,,,,2005,field plot,abundance,mean captures per plot,5.4,2.3,5.6,2.2,,,,,,,2,4,,New York,Figure 2,Y,
Peck,2009b,Long-term effects of imidacloprid on the abundance of surface- and soil-active nontarget fauna in turf,field,field,0.01,abundance,Hemiptera,true bugs,Hemiptera,mixed,aboveground,aboveground,control,IMI,,,,granular,powder/granular,0,0.37,,kg/ha,,,,,,,,,,,,4,4,,,,2001,field plot,abundance,mean captures per plot,124,36,47,18,,,,,,,2,4,,New York,Figure 1,Y,
Peck,2009b,Long-term effects of imidacloprid on the abundance of surface- and soil-active nontarget fauna in turf,field,field,0.01,abundance,Hemiptera,true bugs,Hemiptera,mixed,aboveground,aboveground,control,IMI,,,,granular,powder/granular,0,0.37,,kg/ha,,,,,,,,,,,,4,4,,,,2002,field plot,abundance,mean captures per plot,22,10,32,17,,,,,,,2,4,,New York,Figure 1,Y,
Peck,2009b,Long-term effects of imidacloprid on the abundance of surface- and soil-active nontarget fauna in turf,field,field,0.01,abundance,Hemiptera,true bugs,Hemiptera,mixed,aboveground,aboveground,control,IMI,,,,granular,powder/granular,0,0.37,,kg/ha,,,,,,,,,,,,4,4,,,,2003,field plot,abundance,mean captures per plot,33,25,3.3,3.8,,,,,,,2,4,,New York,Figure 1,Y,
Peck,2009b,Long-term effects of imidacloprid on the abundance of surface- and soil-active nontarget fauna in turf,field,field,0.01,abundance,Hemiptera,true bugs,Hemiptera,mixed,aboveground,aboveground,control,IMI,,,,granular,powder/granular,0,0.37,,kg/ha,,,,,,,,,,,,4,4,,,,2004,field plot,abundance,mean captures per plot,15,10,6.1,2.5,,,,,,,2,4,,New York,Figure 1,Y,
Peck,2009b,Long-term effects of imidacloprid on the abundance of surface- and soil-active nontarget fauna in turf,field,field,0.01,abundance,Hemiptera,true bugs,Hemiptera,mixed,aboveground,aboveground,control,IMI,,,,granular,powder/granular,0,0.37,,kg/ha,,,,,,,,,,,,4,4,,,,2005,field plot,abundance,mean captures per plot,123,67,43,25,,,,,,,2,4,,New York,Figure 1,Y,
Xiao et al.,2016,Sublethal effects of imidacloprid on the predatory seven-spot ladybird beetle Coccinella septempunctata,lab,lab,,reproduction,Coccinella septempunctata,seven-spot ladybird beetle,Coleoptera,predator,aboveground,aboveground,control,IMI,IMI,IMI,,technical grade,lab compound,,,,,0,48,484,4837,,mg/L,0,48,484,4837,,24,26,25,27,,2016,females,fecundity,mean number of offspring per female,1124.96,41.58,923.77,30.86,629.08,14.29,543.26,25.94,,,4,10,,China ,Table 1,N,
Khani et al.,2012,"Side effects of imidacloprid and abamectin on the mealybug destroyer, Cryptolaemus montrouzieri",lab,lab,,reproduction,Cryptolaemus montrouzieri,mealybug ladybird,Coleoptera,predator,aboveground,aboveground,control,IMI,,,,technical grade,lab compound,,,,,0,23.91,,,,ﾵg/mL,,,,,,15,15,,,,2012,females,fecundity,mean eggs produced per female,921.8,12.26,86.4,10.7,,,,,,,2,15,,Iran,Table 2,N,
Khani et al.,2012,"Side effects of imidacloprid and abamectin on the mealybug destroyer, Cryptolaemus montrouzieri",lab,lab,,reproduction,Cryptolaemus montrouzieri,mealybug ladybird,Coleoptera,predator,aboveground,aboveground,control,IMI,,,,technical grade,lab compound,,,,,0,23.91,,,,ﾵg/mL,,,,,,15,15,,,,2012,females,egg hatch,percentage of eggs that hatched,81.13,0.89,39.91,1.46,,,,,,,2,15,,Iran,Table 2,N,
Li et al.,2015,"Acute and sublethal effects of neonicotinoids and pymetrozine on an important egg parasitoid, Trichogramma ostriniae (Hymenoptera: Trichogrammatidae)",lab,lab,,reproduction,Trichogramma ostriniae,parasitoid wasp,Hymenoptera,parasitoid,aboveground,aboveground,control,IMI,THX,,,not specified,lab compound,,,,,0,1.51,0.09,,,mg/L,0,1510,90,,,30,30,30,,,2015,females,offspring,offspring per female,39.9,4.6,32.1,4.2,14.4,3.7,,,,,3,30,,China,Table 3,N,
Li et al.,2015,"Acute and sublethal effects of neonicotinoids and pymetrozine on an important egg parasitoid, Trichogramma ostriniae (Hymenoptera: Trichogrammatidae)",lab,lab,,reproduction,Trichogramma ostriniae,parasitoid wasp,Hymenoptera,parasitoid,aboveground,aboveground,control,IMI,THX,,,not specified,lab compound,,,,,0,1.51,0.09,,,mg/L,0,1510,90,,,30,30,30,,,2015,females,percent ovipositing,percent of ovipositing females,90,9.4,89.5,10.3,42.2,2.3,,,,,3,30,,China,Table 3,N,
